No,住所,データ整理特筆事項,ファイル名
1,北海道札幌市,0,1100
2,北海道函館市,0,1202
3,北海道小樽市,0,1203
4,北海道旭川市,0,1204
5,北海道室蘭市,0,1205
6,北海道釧路市,0,1206
7,北海道帯広市,0,1207
8,北海道北見市,0,1208
9,北海道夕張市,0,1209
10,北海道岩見沢市,0,1210
11,北海道網走市,0,1211
12,北海道留萌市,0,1212
13,北海道苫小牧市,0,1213
14,北海道稚内市,0,1214
15,北海道美唄市,0,1215
16,北海道芦別市,0,1216
17,北海道江別市,0,1217
18,北海道赤平市,0,1218
19,北海道紋別市,0,1219
20,北海道士別市,0,1220
21,北海道名寄市,0,1221
22,北海道三笠市,0,1222
23,北海道根室市,0,1223
24,北海道千歳市,0,1224
25,北海道滝川市,0,1225
26,北海道砂川市,0,1226
27,北海道歌志内市,0,1227
28,北海道深川市,0,1228
29,北海道富良野市,0,1229
30,北海道登別市,0,1230
31,北海道恵庭市,0,1231
32,北海道伊達市,0,1233
33,北海道北広島市,0,1234
34,北海道石狩市,0,1235
35,北海道北斗市,0,1236
36,北海道当別町,0,1303
37,北海道新篠津村,0,1304
38,北海道松前町,0,1331
39,北海道福島町,0,1332
40,北海道知内町,0,1333
41,北海道木古内町,0,1334
42,北海道七飯町,0,1337
43,北海道鹿部町,0,1343
44,北海道森町,0,1345
45,北海道八雲町,0,1346
46,北海道長万部町,0,1347
47,北海道江差町,0,1361
48,北海道上ノ国町,0,1362
49,北海道厚沢部町,0,1363
50,北海道乙部町,0,1364
51,北海道奥尻町,0,1367
52,北海道今金町,0,1370
53,北海道せたな町,0,1371
54,北海道島牧村,0,1391
55,北海道寿都町,0,1392
56,北海道黒松内町,0,1393
57,北海道蘭越町,0,1394
58,北海道ニセコ町,0,1395
59,北海道真狩村,0,1396
60,北海道留寿都村,0,1397
61,北海道喜茂別町,0,1398
62,北海道京極町,0,1399
63,北海道倶知安町,0,1400
64,北海道共和町,0,1401
65,北海道岩内町,0,1402
66,北海道泊村,0,1403
67,北海道神恵内村,0,1404
68,北海道積丹町,0,1405
69,北海道古平町,0,1406
70,北海道仁木町,0,1407
71,北海道余市町,0,1408
72,北海道赤井川村,0,1409
73,北海道南幌町,0,1423
74,北海道奈井江町,0,1424
75,北海道上砂川町,0,1425
76,北海道由仁町,0,1427
77,北海道長沼町,0,1428
78,北海道栗山町,0,1429
79,北海道月形町,0,1430
80,北海道浦臼町,0,1431
81,北海道新十津川町,0,1432
82,北海道妹背牛町,0,1433
83,北海道秩父別町,0,1434
84,北海道雨竜町,0,1436
85,北海道北竜町,0,1437
86,北海道沼田町,0,1438
87,北海道鷹栖町,0,1452
88,北海道東神楽町,0,1453
89,北海道当麻町,0,1454
90,北海道比布町,0,1455
91,北海道愛別町,0,1456
92,北海道上川町,0,1457
93,北海道東川町,0,1458
94,北海道美瑛町,0,1459
95,北海道上富良野町,0,1460
96,北海道中富良野町,0,1461
97,北海道南富良野町,0,1462
98,北海道占冠村,0,1463
99,北海道和寒町,0,1464
100,北海道剣淵町,0,1465
101,北海道下川町,0,1468
102,北海道美深町,0,1469
103,北海道音威子府村,0,1470
104,北海道中川町,0,1471
105,北海道幌加内町,0,1472
106,北海道増毛町,0,1481
107,北海道小平町,0,1482
108,北海道苫前町,0,1483
109,北海道羽幌町,0,1484
110,北海道初山別村,0,1485
111,北海道遠別町,0,1486
112,北海道天塩町,0,1487
113,北海道猿払村,0,1511
114,北海道浜頓別町,0,1512
115,北海道中頓別町,0,1513
116,北海道枝幸町,0,1514
117,北海道豊富町,0,1516
118,北海道礼文町,0,1517
119,北海道利尻町,0,1518
120,北海道利尻富士町,0,1519
121,北海道幌延町,0,1520
122,北海道美幌町,0,1543
123,北海道津別町,0,1544
124,北海道斜里町,0,1545
125,北海道清里町,0,1546
126,北海道小清水町,0,1547
127,北海道訓子府町,0,1549
128,北海道置戸町,0,1550
129,北海道佐呂間町,0,1552
130,北海道遠軽町,0,1555
131,北海道湧別町,0,1559
132,北海道滝上町,0,1560
133,北海道興部町,0,1561
134,北海道西興部村,0,1562
135,北海道雄武町,0,1563
136,北海道大空町,0,1564
137,北海道豊浦町,0,1571
138,北海道壮瞥町,0,1575
139,北海道白老町,0,1578
140,北海道厚真町,0,1581
141,北海道洞爺湖町,0,1584
142,北海道安平町,0,1585
143,北海道むかわ町,0,1586
144,北海道日高町,0,1601
145,北海道平取町,0,1602
146,北海道新冠町,0,1604
147,北海道浦河町,0,1607
148,北海道様似町,0,1608
149,北海道えりも町,0,1609
150,北海道新ひだか町,0,1610
151,北海道音更町,0,1631
152,北海道士幌町,0,1632
153,北海道上士幌町,0,1633
154,北海道鹿追町,0,1634
155,北海道新得町,0,1635
156,北海道清水町,0,1636
157,北海道芽室町,0,1637
158,北海道中札内村,0,1638
159,北海道更別村,0,1639
160,北海道大樹町,0,1641
161,北海道広尾町,0,1642
162,北海道幕別町,0,1643
163,北海道池田町,0,1644
164,北海道豊頃町,0,1645
165,北海道本別町,0,1646
166,北海道足寄町,0,1647
167,北海道陸別町,0,1648
168,北海道浦幌町,0,1649
169,北海道釧路町,0,1661
170,北海道厚岸町,0,1662
171,北海道浜中町,0,1663
172,北海道標茶町,0,1664
173,北海道弟子屈町,0,1665
174,北海道鶴居村,0,1667
175,北海道白糠町,0,1668
176,北海道別海町,0,1691
177,北海道中標津町,0,1692
178,北海道標津町,0,1693
179,北海道羅臼町,0,1694
180,青森県青森市,0,2201
181,青森県弘前市,0,2202
182,青森県八戸市,0,2203
183,青森県黒石市,0,2204
184,青森県五所川原市,0,2205
185,青森県十和田市,0,2206
186,青森県三沢市,0,2207
187,青森県むつ市,0,2208
188,青森県つがる市,0,2209
189,青森県平川市,0,2210
190,青森県平内町,0,2301
191,青森県今別町,0,2303
192,青森県蓬田村,0,2304
193,青森県外ヶ浜町,0,2307
194,青森県鰺ヶ沢町,0,2321
195,青森県深浦町,0,2323
196,青森県西目屋村,未提出,2343
197,青森県藤崎町,未提出,2361
198,青森県大鰐町,0,2362
199,青森県田舎館村,0,2367
200,青森県板柳町,0,2381
201,青森県鶴田町,0,2384
202,青森県中泊町,0,2387
203,青森県野辺地町,0,2401
204,青森県七戸町,0,2402
205,青森県六戸町,0,2405
206,青森県横浜町,0,2406
207,青森県東北町,0,2408
208,青森県六ヶ所村,0,2411
209,青森県おいらせ町,0,2412
210,青森県大間町,0,2423
211,青森県東通村,0,2424
212,青森県風間浦村,0,2425
213,青森県佐井村,0,2426
214,青森県三戸町,0,2441
215,青森県五戸町,0,2442
216,青森県田子町,0,2443
217,青森県南部町,0,2445
218,青森県階上町,0,2446
219,青森県新郷村,0,2450
220,岩手県盛岡市,0,3201
221,岩手県宮古市,0,3202
222,岩手県大船渡市,0,3203
223,岩手県花巻市,0,3205
224,岩手県北上市,0,3206
225,岩手県久慈市,0,3207
226,岩手県遠野市,0,3208
227,岩手県一関市,0,3209
228,岩手県陸前高田市,0,3210
229,岩手県釜石市,0,3211
230,岩手県二戸市,0,3213
231,岩手県八幡平市,0,3214
232,岩手県奥州市,0,3215
233,岩手県滝沢市,0,3216
234,岩手県雫石町,0,3301
235,岩手県葛巻町,0,3302
236,岩手県岩手町,0,3303
237,岩手県紫波町,0,3321
238,岩手県矢巾町,0,3322
239,岩手県西和賀町,0,3366
240,岩手県金ケ崎町,0,3381
241,岩手県平泉町,0,3402
242,岩手県住田町,0,3441
243,岩手県大槌町,0,3461
244,岩手県山田町,0,3482
245,岩手県岩泉町,0,3483
246,岩手県田野畑村,0,3484
247,岩手県普代村,0,3485
248,岩手県軽米町,0,3501
249,岩手県野田村,0,3503
250,岩手県九戸村,0,3506
251,岩手県洋野町,0,3507
252,岩手県一戸町,0,3524
253,宮城県仙台市,0,4100
254,宮城県石巻市,0,4202
255,宮城県塩竈市,0,4203
256,宮城県気仙沼市,未提出,4205
257,宮城県白石市,0,4206
258,宮城県名取市,0,4207
259,宮城県角田市,0,4208
260,宮城県多賀城市,0,4209
261,宮城県岩沼市,0,4211
262,宮城県登米市,0,4212
263,宮城県栗原市,0,4213
264,宮城県東松島市,0,4214
265,宮城県大崎市,0,4215
266,宮城県富谷市,0,4216
267,宮城県蔵王町,0,4301
268,宮城県七ヶ宿町,未提出,4302
269,宮城県大河原町,0,4321
270,宮城県村田町,0,4322
271,宮城県柴田町,0,4323
272,宮城県川崎町,0,4324
273,宮城県丸森町,0,4341
274,宮城県亘理町,0,4361
275,宮城県山元町,0,4362
276,宮城県松島町,0,4401
277,宮城県七ヶ浜町,0,4404
278,宮城県利府町,0,4406
279,宮城県大和町,0,4421
280,宮城県大郷町,0,4422
281,宮城県大衡村,0,4424
282,宮城県色麻町,0,4444
283,宮城県加美町,0,4445
284,宮城県涌谷町,未提出,4501
285,宮城県美里町,未提出,4505
286,宮城県女川町,未提出,4581
287,宮城県南三陸町,0,4606
288,秋田県秋田市,0,5201
289,秋田県能代市,0,5202
290,秋田県横手市,0,5203
291,秋田県大館市,0,5204
292,秋田県男鹿市,0,5206
293,秋田県湯沢市,0,5207
294,秋田県鹿角市,0,5209
295,秋田県由利本荘市,0,5210
296,秋田県潟上市,0,5211
297,秋田県大仙市,0,5212
298,秋田県北秋田市,0,5213
299,秋田県にかほ市,0,5214
300,秋田県仙北市,0,5215
301,秋田県小坂町,0,5303
302,秋田県上小阿仁村,0,5327
303,秋田県藤里町,0,5346
304,秋田県三種町,0,5348
305,秋田県八峰町,0,5349
306,秋田県五城目町,0,5361
307,秋田県八郎潟町,0,5363
308,秋田県井川町,0,5366
309,秋田県大潟村,0,5368
310,秋田県美郷町,0,5434
311,秋田県羽後町,0,5463
312,秋田県東成瀬村,0,5464
313,山形県山形市,0,6201
314,山形県米沢市,0,6202
315,山形県鶴岡市,0,6203
316,山形県酒田市,0,6204
317,山形県新庄市,0,6205
318,山形県寒河江市,0,6206
319,山形県上山市,0,6207
320,山形県村山市,0,6208
321,山形県長井市,0,6209
322,山形県天童市,0,6210
323,山形県東根市,0,6211
324,山形県尾花沢市,0,6212
325,山形県南陽市,0,6213
326,山形県山辺町,0,6301
327,山形県中山町,0,6302
328,山形県河北町,0,6321
329,山形県西川町,0,6322
330,山形県朝日町,0,6323
331,山形県大江町,0,6324
332,山形県大石田町,0,6341
333,山形県金山町,0,6361
334,山形県最上町,0,6362
335,山形県舟形町,0,6363
336,山形県真室川町,0,6364
337,山形県大蔵村,0,6365
338,山形県鮭川村,0,6366
339,山形県戸沢村,0,6367
340,山形県高畠町,0,6381
341,山形県川西町,0,6382
342,山形県小国町,0,6401
343,山形県白鷹町,0,6402
344,山形県飯豊町,0,6403
345,山形県三川町,0,6426
346,山形県庄内町,0,6428
347,山形県遊佐町,0,6461
348,福島県福島市,0,7201
349,福島県会津若松市,0,7202
350,福島県郡山市,0,7203
351,福島県いわき市,0,7204
352,福島県白河市,0,7205
353,福島県須賀川市,0,7207
354,福島県喜多方市,0,7208
355,福島県相馬市,0,7209
356,福島県二本松市,0,7210
357,福島県田村市,0,7211
358,福島県南相馬市,0,7212
359,福島県伊達市,0,7213
360,福島県本宮市,0,7214
361,福島県桑折町,0,7301
362,福島県国見町,0,7303
363,福島県川俣町,0,7308
364,福島県大玉村,0,7322
365,福島県鏡石町,0,7342
366,福島県天栄村,0,7344
367,福島県下郷町,0,7362
368,福島県檜枝岐村,0,7364
369,福島県只見町,0,7367
370,福島県南会津町,0,7368
371,福島県北塩原村,0,7402
372,福島県西会津町,0,7405
373,福島県磐梯町,0,7407
374,福島県猪苗代町,0,7408
375,福島県会津坂下町,0,7421
376,福島県湯川村,0,7422
377,福島県柳津町,0,7423
378,福島県三島町,0,7444
379,福島県金山町,0,7445
380,福島県昭和村,0,7446
381,福島県会津美里町,0,7447
382,福島県西郷村,0,7461
383,福島県泉崎村,0,7464
384,福島県中島村,0,7465
385,福島県矢吹町,0,7466
386,福島県棚倉町,0,7481
387,福島県矢祭町,0,7482
388,福島県塙町,0,7483
389,福島県鮫川村,0,7484
390,福島県石川町,0,7501
391,福島県玉川村,0,7502
392,福島県平田村,0,7503
393,福島県浅川町,0,7504
394,福島県古殿町,0,7505
395,福島県三春町,0,7521
396,福島県小野町,0,7522
397,福島県広野町,0,7541
398,福島県楢葉町,0,7542
399,福島県富岡町,0,7543
400,福島県川内村,0,7544
401,福島県大熊町,0,7545
402,福島県双葉町,未提出,7546
403,福島県浪江町,未提出,7547
404,福島県葛尾村,0,7548
405,福島県新地町,0,7561
406,福島県飯舘村,未提出,7564
407,茨城県水戸市,0,8201
408,茨城県日立市,0,8202
409,茨城県土浦市,0,8203
410,茨城県古河市,0,8204
411,茨城県石岡市,0,8205
412,茨城県結城市,0,8207
413,茨城県龍ケ崎市,0,8208
414,茨城県下妻市,0,8210
415,茨城県常総市,0,8211
416,茨城県常陸太田市,0,8212
417,茨城県高萩市,0,8214
418,茨城県北茨城市,0,8215
419,茨城県笠間市,0,8216
420,茨城県取手市,0,8217
421,茨城県牛久市,0,8219
422,茨城県つくば市,0,8220
423,茨城県ひたちなか市,未提出,8221
424,茨城県鹿嶋市,0,8222
425,茨城県潮来市,0,8223
426,茨城県守谷市,0,8224
427,茨城県常陸大宮市,0,8225
428,茨城県那珂市,0,8226
429,茨城県筑西市,0,8227
430,茨城県坂東市,0,8228
431,茨城県稲敷市,0,8229
432,茨城県かすみがうら市,0,8230
433,茨城県桜川市,0,8231
434,茨城県神栖市,0,8232
435,茨城県行方市,0,8233
436,茨城県鉾田市,0,8234
437,茨城県つくばみらい市,0,8235
438,茨城県小美玉市,0,8236
439,茨城県茨城町,0,8302
440,茨城県大洗町,0,8309
441,茨城県城里町,0,8310
442,茨城県東海村,0,8341
443,茨城県大子町,0,8364
444,茨城県美浦村,0,8442
445,茨城県阿見町,0,8443
446,茨城県河内町,0,8447
447,茨城県八千代町,0,8521
448,茨城県五霞町,0,8542
449,茨城県境町,0,8546
450,茨城県利根町,0,8564
451,栃木県宇都宮市,0,9201
452,栃木県足利市,0,9202
453,栃木県栃木市,0,9203
454,栃木県佐野市,0,9204
455,栃木県鹿沼市,0,9205
456,栃木県日光市,0,9206
457,栃木県小山市,0,9208
458,栃木県真岡市,0,9209
459,栃木県大田原市,0,9210
460,栃木県矢板市,0,9211
461,栃木県那須塩原市,未提出,9213
462,栃木県さくら市,0,9214
463,栃木県那須烏山市,0,9215
464,栃木県下野市,0,9216
465,栃木県上三川町,0,9301
466,栃木県益子町,0,9342
467,栃木県茂木町,0,9343
468,栃木県市貝町,0,9344
469,栃木県芳賀町,0,9345
470,栃木県壬生町,0,9361
471,栃木県野木町,0,9364
472,栃木県塩谷町,0,9384
473,栃木県高根沢町,0,9386
474,栃木県那須町,0,9407
475,栃木県那珂川町,0,9411
476,群馬県前橋市,0,10201
477,群馬県高崎市,0,10202
478,群馬県桐生市,0,10203
479,群馬県伊勢崎市,0,10204
480,群馬県太田市,0,10205
481,群馬県沼田市,0,10206
482,群馬県館林市,0,10207
483,群馬県渋川市,0,10208
484,群馬県藤岡市,0,10209
485,群馬県富岡市,0,10210
486,群馬県安中市,0,10211
487,群馬県みどり市,0,10212
488,群馬県榛東村,0,10344
489,群馬県吉岡町,0,10345
490,群馬県上野村,0,10366
491,群馬県神流町,0,10367
492,群馬県下仁田町,0,10382
493,群馬県南牧村,0,10383
494,群馬県甘楽町,0,10384
495,群馬県中之条町,0,10421
496,群馬県長野原町,0,10424
497,群馬県嬬恋村,0,10425
498,群馬県草津町,0,10426
499,群馬県高山村,0,10428
500,群馬県東吾妻町,0,10429
501,群馬県片品村,0,10443
502,群馬県川場村,0,10444
503,群馬県昭和村,0,10448
504,群馬県みなかみ町,0,10449
505,群馬県玉村町,0,10464
506,群馬県板倉町,0,10521
507,群馬県明和町,0,10522
508,群馬県千代田町,0,10523
509,群馬県大泉町,0,10524
510,群馬県邑楽町,0,10525
511,埼玉県さいたま市,0,11100
512,埼玉県川越市,0,11201
513,埼玉県熊谷市,0,11202
514,埼玉県川口市,0,11203
515,埼玉県行田市,0,11206
516,埼玉県秩父市,0,11207
517,埼玉県所沢市,0,11208
518,埼玉県飯能市,0,11209
519,埼玉県加須市,0,11210
520,埼玉県本庄市,0,11211
521,埼玉県東松山市,0,11212
522,埼玉県春日部市,0,11214
523,埼玉県狭山市,0,11215
524,埼玉県羽生市,0,11216
525,埼玉県鴻巣市,0,11217
526,埼玉県深谷市,0,11218
527,埼玉県上尾市,0,11219
528,埼玉県草加市,0,11221
529,埼玉県越谷市,0,11222
530,埼玉県蕨市,0,11223
531,埼玉県戸田市,0,11224
532,埼玉県入間市,0,11225
533,埼玉県朝霞市,0,11227
534,埼玉県志木市,0,11228
535,埼玉県和光市,0,11229
536,埼玉県新座市,0,11230
537,埼玉県桶川市,0,11231
538,埼玉県久喜市,0,11232
539,埼玉県北本市,0,11233
540,埼玉県八潮市,0,11234
541,埼玉県富士見市,0,11235
542,埼玉県三郷市,0,11237
543,埼玉県蓮田市,0,11238
544,埼玉県坂戸市,0,11239
545,埼玉県幸手市,0,11240
546,埼玉県鶴ヶ島市,0,11241
547,埼玉県日高市,0,11242
548,埼玉県吉川市,0,11243
549,埼玉県ふじみ野市,0,11245
550,埼玉県白岡市,0,11246
551,埼玉県伊奈町,0,11301
552,埼玉県三芳町,0,11324
553,埼玉県毛呂山町,0,11326
554,埼玉県越生町,0,11327
555,埼玉県滑川町,0,11341
556,埼玉県嵐山町,0,11342
557,埼玉県小川町,0,11343
558,埼玉県川島町,0,11346
559,埼玉県吉見町,0,11347
560,埼玉県鳩山町,0,11348
561,埼玉県ときがわ町,0,11349
562,埼玉県横瀬町,0,11361
563,埼玉県皆野町,0,11362
564,埼玉県長瀞町,0,11363
565,埼玉県小鹿野町,0,11365
566,埼玉県東秩父村,0,11369
567,埼玉県美里町,0,11381
568,埼玉県神川町,0,11383
569,埼玉県上里町,0,11385
570,埼玉県寄居町,0,11408
571,埼玉県宮代町,0,11442
572,埼玉県杉戸町,0,11464
573,埼玉県松伏町,0,11465
574,千葉県千葉市,0,12100
575,千葉県銚子市,0,12202
576,千葉県市川市,0,12203
577,千葉県船橋市,0,12204
578,千葉県館山市,0,12205
579,千葉県木更津市,0,12206
580,千葉県松戸市,0,12207
581,千葉県野田市,0,12208
582,千葉県茂原市,0,12210
583,千葉県成田市,0,12211
584,千葉県佐倉市,0,12212
585,千葉県東金市,0,12213
586,千葉県旭市,0,12215
587,千葉県習志野市,0,12216
588,千葉県柏市,0,12217
589,千葉県勝浦市,0,12218
590,千葉県市原市,0,12219
591,千葉県流山市,0,12220
592,千葉県八千代市,0,12221
593,千葉県我孫子市,0,12222
594,千葉県鴨川市,0,12223
595,千葉県鎌ケ谷市,0,12224
596,千葉県君津市,0,12225
597,千葉県富津市,0,12226
598,千葉県浦安市,0,12227
599,千葉県四街道市,0,12228
600,千葉県袖ケ浦市,0,12229
601,千葉県八街市,0,12230
602,千葉県印西市,0,12231
603,千葉県白井市,0,12232
604,千葉県富里市,0,12233
605,千葉県南房総市,0,12234
606,千葉県匝瑳市,0,12235
607,千葉県香取市,0,12236
608,千葉県山武市,0,12237
609,千葉県いすみ市,0,12238
610,千葉県大網白里市,0,12239
611,千葉県酒々井町,0,12322
612,千葉県栄町,0,12329
613,千葉県神崎町,0,12342
614,千葉県多古町,0,12347
615,千葉県東庄町,0,12349
616,千葉県九十九里町,0,12403
617,千葉県芝山町,0,12409
618,千葉県横芝光町,0,12410
619,千葉県一宮町,0,12421
620,千葉県睦沢町,0,12422
621,千葉県長生村,0,12423
622,千葉県白子町,0,12424
623,千葉県長柄町,0,12426
624,千葉県長南町,0,12427
625,千葉県大多喜町,0,12441
626,千葉県御宿町,0,12443
627,千葉県鋸南町,0,12463
628,東京都千代田区,未提出,13101
629,東京都中央区,0,13102
630,東京都港区,0,13103
631,東京都新宿区,0,13104
632,東京都文京区,0,13105
633,東京都台東区,未提出,13106
634,東京都墨田区,未提出,13107
635,東京都江東区,未提出,13108
636,東京都品川区,未提出,13109
637,東京都目黒区,0,13110
638,東京都大田区,未提出,13111
639,東京都世田谷区,0,13112
640,東京都渋谷区,未提出,13113
641,東京都中野区,未提出,13114
642,東京都杉並区,0,13115
643,東京都豊島区,0,13116
644,東京都北区,未提出,13117
645,東京都荒川区,0,13118
646,東京都板橋区,0,13119
647,東京都練馬区,0,13120
648,東京都足立区,0,13121
649,東京都葛飾区,0,13122
650,東京都江戸川区,0,13123
651,東京都八王子市,0,13201
652,東京都立川市,0,13202
653,東京都武蔵野市,0,13203
654,東京都三鷹市,0,13204
655,東京都青梅市,0,13205
656,東京都府中市,0,13206
657,東京都昭島市,未提出,13207
658,東京都調布市,0,13208
659,東京都町田市,0,13209
660,東京都小金井市,0,13210
661,東京都小平市,0,13211
662,東京都日野市,0,13212
663,東京都東村山市,0,13213
664,東京都国分寺市,0,13214
665,東京都国立市,0,13215
666,東京都福生市,0,13218
667,東京都狛江市,0,13219
668,東京都東大和市,0,13220
669,東京都清瀬市,0,13221
670,東京都東久留米市,0,13222
671,東京都武蔵村山市,未提出,13223
672,東京都多摩市,0,13224
673,東京都稲城市,0,13225
674,東京都羽村市,0,13227
675,東京都あきる野市,0,13228
676,東京都西東京市,0,13229
677,東京都瑞穂町,0,13303
678,東京都日の出町,0,13305
679,東京都檜原村,0,13307
680,東京都奥多摩町,未提出,13308
681,東京都大島町,0,13361
682,東京都利島村,未提出,13362
683,東京都新島村,0,13363
684,東京都神津島村,0,13364
685,東京都三宅村,0,13381
686,東京都御蔵島村,0,13382
687,東京都八丈町,0,13401
688,東京都青ヶ島村,未提出,13402
689,東京都小笠原村,0,13421
690,神奈川県横浜市,0,14100
691,神奈川県川崎市,0,14130
692,神奈川県相模原市,0,14150
693,神奈川県横須賀市,0,14201
694,神奈川県平塚市,0,14203
695,神奈川県鎌倉市,未提出,14204
696,神奈川県藤沢市,0,14205
697,神奈川県小田原市,0,14206
698,神奈川県茅ヶ崎市,0,14207
699,神奈川県逗子市,0,14208
700,神奈川県三浦市,0,14210
701,神奈川県秦野市,0,14211
702,神奈川県厚木市,0,14212
703,神奈川県大和市,0,14213
704,神奈川県伊勢原市,未提出,14214
705,神奈川県海老名市,0,14215
706,神奈川県座間市,0,14216
707,神奈川県南足柄市,未提出,14217
708,神奈川県綾瀬市,0,14218
709,神奈川県葉山町,0,14301
710,神奈川県寒川町,未提出,14321
711,神奈川県大磯町,0,14341
712,神奈川県二宮町,0,14342
713,神奈川県中井町,0,14361
714,神奈川県大井町,未提出,14362
715,神奈川県松田町,未提出,14363
716,神奈川県山北町,未提出,14364
717,神奈川県開成町,未提出,14366
718,神奈川県箱根町,未提出,14382
719,神奈川県真鶴町,0,14383
720,神奈川県湯河原町,0,14384
721,神奈川県愛川町,0,14401
722,神奈川県清川村,0,14402
723,新潟県新潟市,0,15100
724,新潟県長岡市,0,15202
725,新潟県三条市,0,15204
726,新潟県柏崎市,0,15205
727,新潟県新発田市,0,15206
728,新潟県小千谷市,0,15208
729,新潟県加茂市,0,15209
730,新潟県十日町市,0,15210
731,新潟県見附市,0,15211
732,新潟県村上市,0,15212
733,新潟県燕市,0,15213
734,新潟県糸魚川市,0,15216
735,新潟県妙高市,0,15217
736,新潟県五泉市,0,15218
737,新潟県上越市,0,15222
738,新潟県阿賀野市,0,15223
739,新潟県佐渡市,0,15224
740,新潟県魚沼市,0,15225
741,新潟県南魚沼市,0,15226
742,新潟県胎内市,0,15227
743,新潟県聖籠町,0,15307
744,新潟県弥彦村,0,15342
745,新潟県田上町,0,15361
746,新潟県阿賀町,未提出,15385
747,新潟県出雲崎町,0,15405
748,新潟県湯沢町,0,15461
749,新潟県津南町,未提出,15482
750,新潟県刈羽村,未提出,15504
751,新潟県関川村,0,15581
752,新潟県粟島浦村,0,15586
753,富山県富山市,0,16201
754,富山県高岡市,0,16202
755,富山県魚津市,0,16204
756,富山県氷見市,0,16205
757,富山県滑川市,0,16206
758,富山県黒部市,0,16207
759,富山県砺波市,0,16208
760,富山県小矢部市,0,16209
761,富山県南砺市,0,16210
762,富山県射水市,0,16211
763,富山県舟橋村,未提出,16321
764,富山県上市町,0,16322
765,富山県立山町,0,16323
766,富山県入善町,0,16342
767,富山県朝日町,0,16343
768,石川県金沢市,0,17201
769,石川県七尾市,0,17202
770,石川県小松市,0,17203
771,石川県輪島市,0,17204
772,石川県珠洲市,0,17205
773,石川県加賀市,0,17206
774,石川県羽咋市,0,17207
775,石川県かほく市,0,17209
776,石川県白山市,0,17210
777,石川県能美市,0,17211
778,石川県野々市市,0,17212
779,石川県川北町,0,17324
780,石川県津幡町,0,17361
781,石川県内灘町,0,17365
782,石川県志賀町,0,17384
783,石川県宝達志水町,0,17386
784,石川県中能登町,0,17407
785,石川県穴水町,0,17461
786,石川県能登町,0,17463
787,福井県福井市,0,18201
788,福井県敦賀市,0,18202
789,福井県小浜市,0,18204
790,福井県大野市,0,18205
791,福井県勝山市,0,18206
792,福井県鯖江市,0,18207
793,福井県あわら市,0,18208
794,福井県越前市,0,18209
795,福井県坂井市,0,18210
796,福井県永平寺町,0,18322
797,福井県池田町,0,18382
798,福井県南越前町,0,18404
799,福井県越前町,0,18423
800,福井県美浜町,0,18442
801,福井県高浜町,0,18481
802,福井県おおい町,0,18483
803,福井県若狭町,0,18501
804,山梨県甲府市,0,19201
805,山梨県富士吉田市,0,19202
806,山梨県都留市,0,19204
807,山梨県山梨市,0,19205
808,山梨県大月市,0,19206
809,山梨県韮崎市,0,19207
810,山梨県南アルプス市,0,19208
811,山梨県北杜市,未提出,19209
812,山梨県甲斐市,0,19210
813,山梨県笛吹市,0,19211
814,山梨県上野原市,0,19212
815,山梨県甲州市,未提出,19213
816,山梨県中央市,未提出,19214
817,山梨県市川三郷町,0,19346
818,山梨県早川町,未提出,19364
819,山梨県身延町,0,19365
820,山梨県南部町,0,19366
821,山梨県富士川町,未提出,19368
822,山梨県昭和町,0,19384
823,山梨県道志村,0,19422
824,山梨県西桂町,未提出,19423
825,山梨県忍野村,0,19424
826,山梨県山中湖村,未提出,19425
827,山梨県鳴沢村,0,19429
828,山梨県富士河口湖町,未提出,19430
829,山梨県小菅村,未提出,19442
830,山梨県丹波山村,未提出,19443
831,長野県長野市,0,20201
832,長野県松本市,0,20202
833,長野県上田市,0,20203
834,長野県岡谷市,0,20204
835,長野県飯田市,0,20205
836,長野県諏訪市,0,20206
837,長野県須坂市,0,20207
838,長野県小諸市,0,20208
839,長野県伊那市,0,20209
840,長野県駒ヶ根市,0,20210
841,長野県中野市,0,20211
842,長野県大町市,0,20212
843,長野県飯山市,0,20213
844,長野県茅野市,0,20214
845,長野県塩尻市,0,20215
846,長野県佐久市,0,20217
847,長野県千曲市,0,20218
848,長野県東御市,0,20219
849,長野県安曇野市,0,20220
850,長野県小海町,0,20303
851,長野県川上村,0,20304
852,長野県南牧村,未提出,20305
853,長野県南相木村,未提出,20306
854,長野県北相木村,未提出,20307
855,長野県佐久穂町,0,20309
856,長野県軽井沢町,0,20321
857,長野県御代田町,0,20323
858,長野県立科町,0,20324
859,長野県青木村,未提出,20349
860,長野県長和町,未提出,20350
861,長野県下諏訪町,0,20361
862,長野県富士見町,0,20362
863,長野県原村,0,20363
864,長野県辰野町,0,20382
865,長野県箕輪町,未提出,20383
866,長野県飯島町,0,20384
867,長野県南箕輪村,0,20385
868,長野県中川村,0,20386
869,長野県宮田村,0,20388
870,長野県松川町,0,20402
871,長野県高森町,未提出,20403
872,長野県阿南町,0,20404
873,長野県阿智村,0,20407
874,長野県平谷村,未提出,20409
875,長野県根羽村,未提出,20410
876,長野県下條村,0,20411
877,長野県売木村,未提出,20412
878,長野県天龍村,0,20413
879,長野県泰阜村,0,20414
880,長野県喬木村,0,20415
881,長野県豊丘村,0,20416
882,長野県大鹿村,未提出,20417
883,長野県上松町,0,20422
884,長野県南木曽町,0,20423
885,長野県木祖村,0,20425
886,長野県王滝村,未提出,20429
887,長野県大桑村,0,20430
888,長野県木曽町,0,20432
889,長野県麻績村,0,20446
890,長野県生坂村,0,20448
891,長野県山形村,0,20450
892,長野県朝日村,0,20451
893,長野県筑北村,0,20452
894,長野県池田町,0,20481
895,長野県松川村,0,20482
896,長野県白馬村,0,20485
897,長野県小谷村,0,20486
898,長野県坂城町,0,20521
899,長野県小布施町,0,20541
900,長野県高山村,0,20543
901,長野県山ノ内町,0,20561
902,長野県木島平村,0,20562
903,長野県野沢温泉村,0,20563
904,長野県信濃町,0,20583
905,長野県小川村,0,20588
906,長野県飯綱町,0,20590
907,長野県栄村,0,20602
908,岐阜県岐阜市,0,21201
909,岐阜県大垣市,0,21202
910,岐阜県高山市,0,21203
911,岐阜県多治見市,0,21204
912,岐阜県関市,0,21205
913,岐阜県中津川市,0,21206
914,岐阜県美濃市,0,21207
915,岐阜県瑞浪市,0,21208
916,岐阜県羽島市,0,21209
917,岐阜県恵那市,0,21210
918,岐阜県美濃加茂市,0,21211
919,岐阜県土岐市,0,21212
920,岐阜県各務原市,0,21213
921,岐阜県可児市,0,21214
922,岐阜県山県市,0,21215
923,岐阜県瑞穂市,0,21216
924,岐阜県飛騨市,0,21217
925,岐阜県本巣市,0,21218
926,岐阜県郡上市,0,21219
927,岐阜県下呂市,0,21220
928,岐阜県海津市,0,21221
929,岐阜県岐南町,0,21302
930,岐阜県笠松町,0,21303
931,岐阜県養老町,0,21341
932,岐阜県垂井町,0,21361
933,岐阜県関ケ原町,0,21362
934,岐阜県神戸町,0,21381
935,岐阜県輪之内町,0,21382
936,岐阜県安八町,0,21383
937,岐阜県揖斐川町,0,21401
938,岐阜県大野町,0,21403
939,岐阜県池田町,0,21404
940,岐阜県北方町,0,21421
941,岐阜県坂祝町,0,21501
942,岐阜県富加町,0,21502
943,岐阜県川辺町,0,21503
944,岐阜県七宗町,0,21504
945,岐阜県八百津町,0,21505
946,岐阜県白川町,0,21506
947,岐阜県東白川村,0,21507
948,岐阜県御嵩町,0,21521
949,岐阜県白川村,0,21604
950,静岡県静岡市,0,22100
951,静岡県浜松市,0,22130
952,静岡県沼津市,0,22203
953,静岡県熱海市,0,22205
954,静岡県三島市,0,22206
955,静岡県富士宮市,0,22207
956,静岡県伊東市,0,22208
957,静岡県島田市,0,22209
958,静岡県富士市,0,22210
959,静岡県磐田市,0,22211
960,静岡県焼津市,0,22212
961,静岡県掛川市,0,22213
962,静岡県藤枝市,0,22214
963,静岡県御殿場市,0,22215
964,静岡県袋井市,0,22216
965,静岡県下田市,0,22219
966,静岡県裾野市,0,22220
967,静岡県湖西市,0,22221
968,静岡県伊豆市,0,22222
969,静岡県御前崎市,0,22223
970,静岡県菊川市,0,22224
971,静岡県伊豆の国市,0,22225
972,静岡県牧之原市,0,22226
973,静岡県東伊豆町,0,22301
974,静岡県河津町,0,22302
975,静岡県南伊豆町,0,22304
976,静岡県松崎町,0,22305
977,静岡県西伊豆町,0,22306
978,静岡県函南町,0,22325
979,静岡県清水町,0,22341
980,静岡県長泉町,0,22342
981,静岡県小山町,0,22344
982,静岡県吉田町,0,22424
983,静岡県川根本町,0,22429
984,静岡県森町,0,22461
985,愛知県名古屋市,0,23100
986,愛知県豊橋市,0,23201
987,愛知県岡崎市,0,23202
988,愛知県一宮市,0,23203
989,愛知県瀬戸市,0,23204
990,愛知県半田市,0,23205
991,愛知県春日井市,0,23206
992,愛知県豊川市,0,23207
993,愛知県津島市,0,23208
994,愛知県碧南市,0,23209
995,愛知県刈谷市,0,23210
996,愛知県豊田市,0,23211
997,愛知県安城市,0,23212
998,愛知県西尾市,0,23213
999,愛知県蒲郡市,0,23214
1000,愛知県犬山市,0,23215
1001,愛知県常滑市,0,23216
1002,愛知県江南市,0,23217
1003,愛知県小牧市,0,23219
1004,愛知県稲沢市,0,23220
1005,愛知県新城市,0,23221
1006,愛知県東海市,0,23222
1007,愛知県大府市,0,23223
1008,愛知県知多市,0,23224
1009,愛知県知立市,0,23225
1010,愛知県尾張旭市,0,23226
1011,愛知県高浜市,0,23227
1012,愛知県岩倉市,0,23228
1013,愛知県豊明市,0,23229
1014,愛知県日進市,0,23230
1015,愛知県田原市,0,23231
1016,愛知県愛西市,0,23232
1017,愛知県清須市,0,23233
1018,愛知県北名古屋市,0,23234
1019,愛知県弥富市,0,23235
1020,愛知県みよし市,0,23236
1021,愛知県あま市,0,23237
1022,愛知県長久手市,0,23238
1023,愛知県東郷町,0,23302
1024,愛知県豊山町,0,23342
1025,愛知県大口町,0,23361
1026,愛知県扶桑町,0,23362
1027,愛知県大治町,0,23424
1028,愛知県蟹江町,0,23425
1029,愛知県飛島村,0,23427
1030,愛知県阿久比町,0,23441
1031,愛知県東浦町,0,23442
1032,愛知県南知多町,0,23445
1033,愛知県美浜町,0,23446
1034,愛知県武豊町,0,23447
1035,愛知県幸田町,0,23501
1036,愛知県設楽町,0,23561
1037,愛知県東栄町,0,23562
1038,愛知県豊根村,0,23563
1039,三重県津市,0,24201
1040,三重県四日市市,0,24202
1041,三重県伊勢市,0,24203
1042,三重県松阪市,0,24204
1043,三重県桑名市,0,24205
1044,三重県鈴鹿市,0,24207
1045,三重県名張市,0,24208
1046,三重県尾鷲市,0,24209
1047,三重県亀山市,0,24210
1048,三重県鳥羽市,0,24211
1049,三重県熊野市,0,24212
1050,三重県いなべ市,0,24214
1051,三重県志摩市,0,24215
1052,三重県伊賀市,0,24216
1053,三重県木曽岬町,0,24303
1054,三重県東員町,0,24324
1055,三重県菰野町,0,24341
1056,三重県朝日町,0,24343
1057,三重県川越町,0,24344
1058,三重県多気町,0,24441
1059,三重県明和町,0,24442
1060,三重県大台町,0,24443
1061,三重県玉城町,0,24461
1062,三重県度会町,0,24470
1063,三重県大紀町,0,24471
1064,三重県南伊勢町,0,24472
1065,三重県紀北町,0,24543
1066,三重県御浜町,0,24561
1067,三重県紀宝町,0,24562
1068,滋賀県大津市,0,25201
1069,滋賀県彦根市,0,25202
1070,滋賀県長浜市,0,25203
1071,滋賀県近江八幡市,未提出,25204
1072,滋賀県草津市,0,25206
1073,滋賀県守山市,0,25207
1074,滋賀県栗東市,0,25208
1075,滋賀県甲賀市,0,25209
1076,滋賀県野洲市,0,25210
1077,滋賀県湖南市,0,25211
1078,滋賀県高島市,0,25212
1079,滋賀県東近江市,0,25213
1080,滋賀県米原市,0,25214
1081,滋賀県日野町,0,25383
1082,滋賀県竜王町,0,25384
1083,滋賀県愛荘町,0,25425
1084,滋賀県豊郷町,0,25441
1085,滋賀県甲良町,0,25442
1086,滋賀県多賀町,0,25443
1087,京都府京都市,0,26100
1088,京都府福知山市,0,26201
1089,京都府舞鶴市,0,26202
1090,京都府綾部市,0,26203
1091,京都府宇治市,0,26204
1092,京都府宮津市,0,26205
1093,京都府亀岡市,0,26206
1094,京都府城陽市,0,26207
1095,京都府向日市,0,26208
1096,京都府長岡京市,0,26209
1097,京都府八幡市,0,26210
1098,京都府京田辺市,0,26211
1099,京都府京丹後市,0,26212
1100,京都府南丹市,0,26213
1101,京都府木津川市,0,26214
1102,京都府大山崎町,0,26303
1103,京都府久御山町,0,26322
1104,京都府井手町,0,26343
1105,京都府宇治田原町,0,26344
1106,京都府笠置町,0,26364
1107,京都府和束町,0,26365
1108,京都府精華町,0,26366
1109,京都府南山城村,0,26367
1110,京都府京丹波町,0,26407
1111,京都府伊根町,0,26463
1112,京都府与謝野町,0,26465
1113,大阪府大阪市,0,27100
1114,大阪府堺市,0,27140
1115,大阪府岸和田市,0,27202
1116,大阪府豊中市,0,27203
1117,大阪府池田市,0,27204
1118,大阪府吹田市,0,27205
1119,大阪府泉大津市,0,27206
1120,大阪府高槻市,0,27207
1121,大阪府貝塚市,0,27208
1122,大阪府守口市,0,27209
1123,大阪府枚方市,0,27210
1124,大阪府茨木市,0,27211
1125,大阪府八尾市,0,27212
1126,大阪府泉佐野市,0,27213
1127,大阪府富田林市,0,27214
1128,大阪府寝屋川市,0,27215
1129,大阪府河内長野市,0,27216
1130,大阪府松原市,0,27217
1131,大阪府大東市,0,27218
1132,大阪府和泉市,0,27219
1133,大阪府箕面市,0,27220
1134,大阪府柏原市,0,27221
1135,大阪府羽曳野市,0,27222
1136,大阪府門真市,0,27223
1137,大阪府摂津市,0,27224
1138,大阪府高石市,0,27225
1139,大阪府藤井寺市,0,27226
1140,大阪府東大阪市,0,27227
1141,大阪府泉南市,0,27228
1142,大阪府四條畷市,0,27229
1143,大阪府交野市,0,27230
1144,大阪府大阪狭山市,0,27231
1145,大阪府阪南市,0,27232
1146,大阪府島本町,0,27301
1147,大阪府豊能町,0,27321
1148,大阪府能勢町,0,27322
1149,大阪府忠岡町,0,27341
1150,大阪府熊取町,0,27361
1151,大阪府田尻町,0,27362
1152,大阪府岬町,0,27366
1153,大阪府太子町,0,27381
1154,大阪府河南町,0,27382
1155,大阪府千早赤阪村,0,27383
1156,兵庫県神戸市,0,28100
1157,兵庫県姫路市,0,28201
1158,兵庫県尼崎市,0,28202
1159,兵庫県明石市,0,28203
1160,兵庫県西宮市,0,28204
1161,兵庫県洲本市,0,28205
1162,兵庫県芦屋市,0,28206
1163,兵庫県伊丹市,0,28207
1164,兵庫県相生市,0,28208
1165,兵庫県豊岡市,0,28209
1166,兵庫県加古川市,0,28210
1167,兵庫県赤穂市,0,28212
1168,兵庫県西脇市,0,28213
1169,兵庫県宝塚市,0,28214
1170,兵庫県三木市,0,28215
1171,兵庫県高砂市,0,28216
1172,兵庫県川西市,0,28217
1173,兵庫県小野市,0,28218
1174,兵庫県三田市,0,28219
1175,兵庫県加西市,0,28220
1176,兵庫県篠山市,0,28221
1177,兵庫県養父市,0,28222
1178,兵庫県丹波市,0,28223
1179,兵庫県南あわじ市,0,28224
1180,兵庫県朝来市,0,28225
1181,兵庫県淡路市,0,28226
1182,兵庫県宍粟市,0,28227
1183,兵庫県加東市,0,28228
1184,兵庫県たつの市,0,28229
1185,兵庫県猪名川町,0,28301
1186,兵庫県多可町,0,28365
1187,兵庫県稲美町,0,28381
1188,兵庫県播磨町,0,28382
1189,兵庫県市川町,0,28442
1190,兵庫県福崎町,0,28443
1191,兵庫県神河町,0,28446
1192,兵庫県太子町,0,28464
1193,兵庫県上郡町,0,28481
1194,兵庫県佐用町,0,28501
1195,兵庫県香美町,0,28585
1196,兵庫県新温泉町,0,28586
1197,奈良県奈良市,0,29201
1198,奈良県大和高田市,0,29202
1199,奈良県大和郡山市,0,29203
1200,奈良県天理市,0,29204
1201,奈良県橿原市,0,29205
1202,奈良県桜井市,0,29206
1203,奈良県五條市,0,29207
1204,奈良県御所市,0,29208
1205,奈良県生駒市,0,29209
1206,奈良県香芝市,0,29210
1207,奈良県葛城市,0,29211
1208,奈良県宇陀市,0,29212
1209,奈良県山添村,0,29322
1210,奈良県平群町,0,29342
1211,奈良県三郷町,0,29343
1212,奈良県斑鳩町,0,29344
1213,奈良県安堵町,0,29345
1214,奈良県川西町,0,29361
1215,奈良県三宅町,0,29362
1216,奈良県田原本町,0,29363
1217,奈良県曽爾村,0,29385
1218,奈良県御杖村,0,29386
1219,奈良県高取町,0,29401
1220,奈良県明日香村,0,29402
1221,奈良県上牧町,0,29424
1222,奈良県王寺町,0,29425
1223,奈良県広陵町,0,29426
1224,奈良県河合町,0,29427
1225,奈良県吉野町,0,29441
1226,奈良県大淀町,0,29442
1227,奈良県下市町,0,29443
1228,奈良県黒滝村,0,29444
1229,奈良県天川村,0,29446
1230,奈良県野迫川村,0,29447
1231,奈良県十津川村,0,29449
1232,奈良県下北山村,0,29450
1233,奈良県上北山村,0,29451
1234,奈良県川上村,0,29452
1235,奈良県東吉野村,0,29453
1236,和歌山県和歌山市,0,30201
1237,和歌山県海南市,0,30202
1238,和歌山県橋本市,0,30203
1239,和歌山県有田市,0,30204
1240,和歌山県御坊市,0,30205
1241,和歌山県田辺市,0,30206
1242,和歌山県新宮市,0,30207
1243,和歌山県紀の川市,0,30208
1244,和歌山県岩出市,0,30209
1245,和歌山県紀美野町,0,30304
1246,和歌山県かつらぎ町,0,30341
1247,和歌山県九度山町,0,30343
1248,和歌山県高野町,0,30344
1249,和歌山県湯浅町,0,30361
1250,和歌山県広川町,0,30362
1251,和歌山県有田川町,0,30366
1252,和歌山県美浜町,0,30381
1253,和歌山県日高町,0,30382
1254,和歌山県由良町,0,30383
1255,和歌山県印南町,0,30390
1256,和歌山県みなべ町,0,30391
1257,和歌山県日高川町,0,30392
1258,和歌山県白浜町,0,30401
1259,和歌山県上富田町,0,30404
1260,和歌山県すさみ町,0,30406
1261,和歌山県那智勝浦町,0,30421
1262,和歌山県太地町,0,30422
1263,和歌山県古座川町,0,30424
1264,和歌山県北山村,0,30427
1265,和歌山県串本町,0,30428
1266,鳥取県鳥取市,0,31201
1267,鳥取県米子市,0,31202
1268,鳥取県倉吉市,0,31203
1269,鳥取県境港市,0,31204
1270,鳥取県岩美町,0,31302
1271,鳥取県若桜町,0,31325
1272,鳥取県智頭町,0,31328
1273,鳥取県八頭町,0,31329
1274,鳥取県三朝町,0,31364
1275,鳥取県湯梨浜町,0,31370
1276,鳥取県琴浦町,0,31371
1277,鳥取県北栄町,0,31372
1278,鳥取県日吉津村,0,31384
1279,鳥取県大山町,0,31386
1280,鳥取県南部町,0,31389
1281,鳥取県伯耆町,0,31390
1282,鳥取県日南町,0,31401
1283,鳥取県日野町,0,31402
1284,鳥取県江府町,0,31403
1285,島根県松江市,0,32201
1286,島根県浜田市,0,32202
1287,島根県出雲市,0,32203
1288,島根県益田市,0,32204
1289,島根県大田市,0,32205
1290,島根県安来市,0,32206
1291,島根県江津市,0,32207
1292,島根県雲南市,0,32209
1293,島根県奥出雲町,0,32343
1294,島根県飯南町,0,32386
1295,島根県川本町,0,32441
1296,島根県美郷町,0,32448
1297,島根県邑南町,0,32449
1298,島根県津和野町,0,32501
1299,島根県吉賀町,0,32505
1300,島根県海士町,0,32525
1301,島根県西ノ島町,0,32526
1302,島根県知夫村,0,32527
1303,島根県隠岐の島町,0,32528
1304,岡山県岡山市,0,33100
1305,岡山県倉敷市,0,33202
1306,岡山県津山市,0,33203
1307,岡山県玉野市,0,33204
1308,岡山県笠岡市,0,33205
1309,岡山県井原市,0,33207
1310,岡山県総社市,0,33208
1311,岡山県高梁市,0,33209
1312,岡山県新見市,0,33210
1313,岡山県備前市,0,33211
1314,岡山県瀬戸内市,0,33212
1315,岡山県赤磐市,0,33213
1316,岡山県真庭市,0,33214
1317,岡山県美作市,0,33215
1318,岡山県浅口市,0,33216
1319,岡山県和気町,0,33346
1320,岡山県早島町,0,33423
1321,岡山県里庄町,0,33445
1322,岡山県矢掛町,0,33461
1323,岡山県新庄村,0,33586
1324,岡山県鏡野町,0,33606
1325,岡山県勝央町,0,33622
1326,岡山県奈義町,0,33623
1327,岡山県西粟倉村,0,33643
1328,岡山県久米南町,0,33663
1329,岡山県美咲町,0,33666
1330,岡山県吉備中央町,0,33681
1331,広島県広島市,0,34100
1332,広島県呉市,0,34202
1333,広島県竹原市,0,34203
1334,広島県三原市,0,34204
1335,広島県尾道市,0,34205
1336,広島県福山市,0,34207
1337,広島県府中市,0,34208
1338,広島県三次市,0,34209
1339,広島県庄原市,0,34210
1340,広島県大竹市,0,34211
1341,広島県東広島市,未提出,34212
1342,広島県廿日市市,0,34213
1343,広島県安芸高田市,0,34214
1344,広島県江田島市,0,34215
1345,広島県府中町,0,34302
1346,広島県海田町,0,34304
1347,広島県熊野町,0,34307
1348,広島県坂町,0,34309
1349,広島県安芸太田町,未提出,34368
1350,広島県北広島町,0,34369
1351,広島県大崎上島町,0,34431
1352,広島県世羅町,0,34462
1353,広島県神石高原町,0,34545
1354,山口県下関市,0,35201
1355,山口県宇部市,0,35202
1356,山口県山口市,0,35203
1357,山口県萩市,0,35204
1358,山口県防府市,0,35206
1359,山口県下松市,0,35207
1360,山口県岩国市,0,35208
1361,山口県光市,0,35210
1362,山口県長門市,0,35211
1363,山口県柳井市,0,35212
1364,山口県美祢市,0,35213
1365,山口県周南市,0,35215
1366,山口県山陽小野田市,0,35216
1367,山口県周防大島町,0,35305
1368,山口県和木町,0,35321
1369,山口県上関町,0,35341
1370,山口県田布施町,0,35343
1371,山口県平生町,0,35344
1372,山口県阿武町,0,35502
1373,徳島県徳島市,0,36201
1374,徳島県鳴門市,0,36202
1375,徳島県小松島市,0,36203
1376,徳島県阿南市,0,36204
1377,徳島県吉野川市,0,36205
1378,徳島県阿波市,0,36206
1379,徳島県美馬市,0,36207
1380,徳島県三好市,0,36208
1381,徳島県勝浦町,0,36301
1382,徳島県上勝町,0,36302
1383,徳島県佐那河内村,0,36321
1384,徳島県石井町,0,36341
1385,徳島県神山町,0,36342
1386,徳島県那賀町,0,36368
1387,徳島県牟岐町,0,36383
1388,徳島県美波町,0,36387
1389,徳島県海陽町,0,36388
1390,徳島県松茂町,0,36401
1391,徳島県北島町,0,36402
1392,徳島県藍住町,0,36403
1393,徳島県板野町,0,36404
1394,徳島県上板町,0,36405
1395,徳島県つるぎ町,0,36468
1396,徳島県東みよし町,0,36489
1397,香川県高松市,0,37201
1398,香川県丸亀市,0,37202
1399,香川県坂出市,0,37203
1400,香川県善通寺市,0,37204
1401,香川県観音寺市,0,37205
1402,香川県さぬき市,0,37206
1403,香川県東かがわ市,0,37207
1404,香川県三豊市,0,37208
1405,香川県土庄町,0,37322
1406,香川県小豆島町,0,37324
1407,香川県三木町,0,37341
1408,香川県直島町,0,37364
1409,香川県宇多津町,0,37386
1410,香川県綾川町,0,37387
1411,香川県琴平町,0,37403
1412,香川県多度津町,0,37404
1413,香川県まんのう町,0,37406
1414,愛媛県松山市,0,38201
1415,愛媛県今治市,0,38202
1416,愛媛県宇和島市,0,38203
1417,愛媛県八幡浜市,0,38204
1418,愛媛県新居浜市,0,38205
1419,愛媛県西条市,0,38206
1420,愛媛県大洲市,0,38207
1421,愛媛県伊予市,0,38210
1422,愛媛県四国中央市,0,38213
1423,愛媛県西予市,0,38214
1424,愛媛県東温市,0,38215
1425,愛媛県上島町,0,38356
1426,愛媛県久万高原町,0,38386
1427,愛媛県松前町,0,38401
1428,愛媛県砥部町,0,38402
1429,愛媛県内子町,0,38422
1430,愛媛県伊方町,0,38442
1431,愛媛県松野町,0,38484
1432,愛媛県鬼北町,0,38488
1433,愛媛県愛南町,0,38506
1434,高知県高知市,0,39201
1435,高知県室戸市,0,39202
1436,高知県安芸市,0,39203
1437,高知県南国市,0,39204
1438,高知県土佐市,0,39205
1439,高知県須崎市,0,39206
1440,高知県宿毛市,0,39208
1441,高知県土佐清水市,0,39209
1442,高知県四万十市,0,39210
1443,高知県香南市,0,39211
1444,高知県香美市,0,39212
1445,高知県東洋町,0,39301
1446,高知県奈半利町,0,39302
1447,高知県田野町,0,39303
1448,高知県安田町,0,39304
1449,高知県北川村,0,39305
1450,高知県馬路村,0,39306
1451,高知県芸西村,0,39307
1452,高知県本山町,0,39341
1453,高知県大豊町,未提出,39344
1454,高知県土佐町,未提出,39363
1455,高知県大川村,未提出,39364
1456,高知県いの町,0,39386
1457,高知県仁淀川町,0,39387
1458,高知県中土佐町,0,39401
1459,高知県佐川町,0,39402
1460,高知県越知町,0,39403
1461,高知県梼原町,0,39405
1462,高知県日高村,0,39410
1463,高知県津野町,0,39411
1464,高知県四万十町,0,39412
1465,高知県大月町,0,39424
1466,高知県三原村,0,39427
1467,高知県黒潮町,0,39428
1468,福岡県北九州市,0,40100
1469,福岡県福岡市,0,40130
1470,福岡県大牟田市,0,40202
1471,福岡県久留米市,0,40203
1472,福岡県直方市,0,40204
1473,福岡県飯塚市,0,40205
1474,福岡県田川市,0,40206
1475,福岡県柳川市,0,40207
1476,福岡県八女市,0,40210
1477,福岡県筑後市,0,40211
1478,福岡県大川市,0,40212
1479,福岡県行橋市,0,40213
1480,福岡県豊前市,0,40214
1481,福岡県中間市,0,40215
1482,福岡県小郡市,0,40216
1483,福岡県筑紫野市,0,40217
1484,福岡県春日市,0,40218
1485,福岡県大野城市,0,40219
1486,福岡県宗像市,0,40220
1487,福岡県太宰府市,0,40221
1488,福岡県古賀市,0,40223
1489,福岡県福津市,0,40224
1490,福岡県うきは市,0,40225
1491,福岡県宮若市,0,40226
1492,福岡県嘉麻市,0,40227
1493,福岡県朝倉市,0,40228
1494,福岡県みやま市,0,40229
1495,福岡県糸島市,0,40230
1496,福岡県那珂川町,0,40231
1497,福岡県宇美町,0,40341
1498,福岡県篠栗町,0,40342
1499,福岡県志免町,0,40343
1500,福岡県須恵町,0,40344
1501,福岡県新宮町,0,40345
1502,福岡県久山町,0,40348
1503,福岡県粕屋町,0,40349
1504,福岡県芦屋町,0,40381
1505,福岡県水巻町,0,40382
1506,福岡県岡垣町,0,40383
1507,福岡県遠賀町,0,40384
1508,福岡県小竹町,0,40401
1509,福岡県鞍手町,0,40402
1510,福岡県桂川町,0,40421
1511,福岡県筑前町,0,40447
1512,福岡県東峰村,0,40448
1513,福岡県大刀洗町,0,40503
1514,福岡県大木町,0,40522
1515,福岡県広川町,0,40544
1516,福岡県香春町,0,40601
1517,福岡県添田町,0,40602
1518,福岡県糸田町,0,40604
1519,福岡県川崎町,0,40605
1520,福岡県大任町,0,40608
1521,福岡県赤村,0,40609
1522,福岡県福智町,0,40610
1523,福岡県苅田町,0,40621
1524,福岡県みやこ町,0,40625
1525,福岡県吉富町,0,40642
1526,福岡県上毛町,0,40646
1527,福岡県築上町,0,40647
1528,佐賀県佐賀市,0,41201
1529,佐賀県唐津市,0,41202
1530,佐賀県鳥栖市,0,41203
1531,佐賀県多久市,0,41204
1532,佐賀県伊万里市,0,41205
1533,佐賀県武雄市,0,41206
1534,佐賀県鹿島市,0,41207
1535,佐賀県小城市,0,41208
1536,佐賀県嬉野市,0,41209
1537,佐賀県神埼市,0,41210
1538,佐賀県吉野ヶ里町,0,41327
1539,佐賀県基山町,0,41341
1540,佐賀県上峰町,0,41345
1541,佐賀県みやき町,0,41346
1542,佐賀県玄海町,0,41387
1543,佐賀県有田町,0,41401
1544,佐賀県大町町,0,41423
1545,佐賀県江北町,0,41424
1546,佐賀県白石町,0,41425
1547,佐賀県太良町,0,41441
1548,長崎県長崎市,0,42201
1549,長崎県佐世保市,0,42202
1550,長崎県島原市,0,42203
1551,長崎県諫早市,0,42204
1552,長崎県大村市,0,42205
1553,長崎県平戸市,0,42207
1554,長崎県松浦市,0,42208
1555,長崎県対馬市,0,42209
1556,長崎県壱岐市,0,42210
1557,長崎県五島市,0,42211
1558,長崎県西海市,0,42212
1559,長崎県雲仙市,0,42213
1560,長崎県南島原市,0,42214
1561,長崎県長与町,0,42307
1562,長崎県時津町,0,42308
1563,長崎県東彼杵町,0,42321
1564,長崎県川棚町,0,42322
1565,長崎県波佐見町,0,42323
1566,長崎県小値賀町,0,42383
1567,長崎県佐々町,0,42391
1568,長崎県新上五島町,0,42411
1569,熊本県熊本市,0,43100
1570,熊本県八代市,0,43202
1571,熊本県人吉市,0,43203
1572,熊本県荒尾市,0,43204
1573,熊本県水俣市,0,43205
1574,熊本県玉名市,0,43206
1575,熊本県山鹿市,0,43208
1576,熊本県菊池市,0,43210
1577,熊本県宇土市,0,43211
1578,熊本県上天草市,0,43212
1579,熊本県宇城市,0,43213
1580,熊本県阿蘇市,0,43214
1581,熊本県天草市,0,43215
1582,熊本県合志市,0,43216
1583,熊本県美里町,0,43348
1584,熊本県玉東町,0,43364
1585,熊本県南関町,0,43367
1586,熊本県長洲町,0,43368
1587,熊本県和水町,0,43369
1588,熊本県大津町,0,43403
1589,熊本県菊陽町,0,43404
1590,熊本県南小国町,0,43423
1591,熊本県小国町,0,43424
1592,熊本県産山村,0,43425
1593,熊本県高森町,0,43428
1594,熊本県西原村,0,43432
1595,熊本県南阿蘇村,0,43433
1596,熊本県御船町,0,43441
1597,熊本県嘉島町,0,43442
1598,熊本県益城町,0,43443
1599,熊本県甲佐町,0,43444
1600,熊本県山都町,0,43447
1601,熊本県氷川町,0,43468
1602,熊本県芦北町,0,43482
1603,熊本県津奈木町,0,43484
1604,熊本県錦町,0,43501
1605,熊本県多良木町,0,43505
1606,熊本県湯前町,0,43506
1607,熊本県水上村,0,43507
1608,熊本県相良村,0,43510
1609,熊本県五木村,0,43511
1610,熊本県山江村,0,43512
1611,熊本県球磨村,0,43513
1612,熊本県あさぎり町,0,43514
1613,熊本県苓北町,0,43531
1614,大分県大分市,0,44201
1615,大分県別府市,0,44202
1616,大分県中津市,0,44203
1617,大分県日田市,0,44204
1618,大分県佐伯市,0,44205
1619,大分県臼杵市,0,44206
1620,大分県津久見市,0,44207
1621,大分県竹田市,0,44208
1622,大分県豊後高田市,0,44209
1623,大分県杵築市,0,44210
1624,大分県宇佐市,0,44211
1625,大分県豊後大野市,0,44212
1626,大分県由布市,0,44213
1627,大分県国東市,0,44214
1628,大分県姫島村,0,44322
1629,大分県日出町,0,44341
1630,大分県九重町,0,44461
1631,大分県玖珠町,0,44462
1632,宮崎県宮崎市,0,45201
1633,宮崎県都城市,0,45202
1634,宮崎県延岡市,0,45203
1635,宮崎県日南市,0,45204
1636,宮崎県小林市,0,45205
1637,宮崎県日向市,0,45206
1638,宮崎県串間市,0,45207
1639,宮崎県西都市,0,45208
1640,宮崎県えびの市,0,45209
1641,宮崎県三股町,0,45341
1642,宮崎県高原町,0,45361
1643,宮崎県国富町,0,45382
1644,宮崎県綾町,0,45383
1645,宮崎県高鍋町,0,45401
1646,宮崎県新富町,0,45402
1647,宮崎県西米良村,0,45403
1648,宮崎県木城町,0,45404
1649,宮崎県川南町,0,45405
1650,宮崎県都農町,0,45406
1651,宮崎県門川町,0,45421
1652,宮崎県諸塚村,0,45429
1653,宮崎県椎葉村,0,45430
1654,宮崎県美郷町,0,45431
1655,宮崎県高千穂町,0,45441
1656,宮崎県日之影町,0,45442
1657,宮崎県五ヶ瀬町,0,45443
1658,鹿児島県鹿児島市,0,46201
1659,鹿児島県鹿屋市,0,46203
1660,鹿児島県枕崎市,0,46204
1661,鹿児島県阿久根市,0,46206
1662,鹿児島県出水市,0,46208
1663,鹿児島県指宿市,0,46210
1664,鹿児島県西之表市,0,46213
1665,鹿児島県垂水市,0,46214
1666,鹿児島県薩摩川内市,0,46215
1667,鹿児島県日置市,0,46216
1668,鹿児島県曽於市,0,46217
1669,鹿児島県霧島市,0,46218
1670,鹿児島県いちき串木野市,0,46219
1671,鹿児島県南さつま市,0,46220
1672,鹿児島県志布志市,0,46221
1673,鹿児島県奄美市,0,46222
1674,鹿児島県南九州市,0,46223
1675,鹿児島県伊佐市,0,46224
1676,鹿児島県姶良市,0,46225
1677,鹿児島県三島村,0,46303
1678,鹿児島県十島村,0,46304
1679,鹿児島県さつま町,0,46392
1680,鹿児島県長島町,0,46404
1681,鹿児島県湧水町,未提出,46452
1682,鹿児島県大崎町,0,46468
1683,鹿児島県東串良町,0,46482
1684,鹿児島県錦江町,0,46490
1685,鹿児島県南大隅町,0,46491
1686,鹿児島県肝付町,0,46492
1687,鹿児島県中種子町,0,46501
1688,鹿児島県南種子町,0,46502
1689,鹿児島県屋久島町,0,46505
1690,鹿児島県大和村,0,46523
1691,鹿児島県宇検村,0,46524
1692,鹿児島県瀬戸内町,0,46525
1693,鹿児島県龍郷町,0,46527
1694,鹿児島県喜界町,0,46529
1695,鹿児島県徳之島町,0,46530
1696,鹿児島県天城町,0,46531
1697,鹿児島県伊仙町,0,46532
1698,鹿児島県和泊町,0,46533
1699,鹿児島県知名町,0,46534
1700,鹿児島県与論町,0,46535
1701,沖縄県那覇市,0,47201
1702,沖縄県宜野湾市,0,47205
1703,沖縄県石垣市,0,47207
1704,沖縄県浦添市,0,47208
1705,沖縄県名護市,0,47209
1706,沖縄県糸満市,0,47210
1707,沖縄県沖縄市,0,47211
1708,沖縄県豊見城市,0,47212
1709,沖縄県うるま市,0,47213
1710,沖縄県宮古島市,0,47214
1711,沖縄県南城市,0,47215
1712,沖縄県国頭村,0,47301
1713,沖縄県大宜味村,0,47302
1714,沖縄県東村,0,47303
1715,沖縄県今帰仁村,0,47306
1716,沖縄県本部町,0,47308
1717,沖縄県恩納村,0,47311
1718,沖縄県宜野座村,0,47313
1719,沖縄県金武町,0,47314
1720,沖縄県伊江村,未提出,47315
1721,沖縄県読谷村,0,47324
1722,沖縄県嘉手納町,0,47325
1723,沖縄県北谷町,0,47326
1724,沖縄県北中城村,0,47327
1725,沖縄県中城村,未提出,47328
1726,沖縄県西原町,未提出,47329
1727,沖縄県与那原町,0,47348
1728,沖縄県南風原町,未提出,47350
1729,沖縄県渡嘉敷村,未提出,47353
1730,沖縄県座間味村,未提出,47354
1731,沖縄県粟国村,0,47355
1732,沖縄県渡名喜村,0,47356
1733,沖縄県南大東村,未提出,47357
1734,沖縄県北大東村,未提出,47358
1735,沖縄県伊平屋村,未提出,47359
1736,沖縄県伊是名村,未提出,47360
1737,沖縄県久米島町,0,47361
1738,沖縄県八重瀬町,0,47362
1739,沖縄県多良間村,0,47375
1740,沖縄県竹富町,未提出,47381
1741,沖縄県与那国町,0,47382