@code,コードが示す地域等,@name,eng,areacode
110000,北海道札幌市,札幌市,Sapporo City,307
120200,北海道函館市,函館市,Hakodate City,308
120300,北海道小樽市,小樽市,Otaru City,307
120400,北海道旭川市,旭川市,Asahikawa City,302
120500,北海道室蘭市,室蘭市,Muroran City,306
120601,気象庁予報警報規程別表第四の二に示す「釧路市釧路」の区域,釧路市釧路,"Kushiro, Kushiro City ",302
120602,気象庁予報警報規程別表第四の二に示す「釧路市阿寒」の区域,釧路市阿寒,"Akan, Kushiro City",302
120603,気象庁予報警報規程別表第四の二に示す「釧路市音別」の区域,釧路市音別,"Onbetsu, Kushiro City",302
120700,北海道帯広市,帯広市,Obihiro City,304
120801,気象庁予報警報規程別表第四の二に示す「北見市北見」の区域,北見市北見,"Kitami,  Kitami City",303
120802,気象庁予報警報規程別表第四の二に示す「北見市常呂」の区域,北見市常呂,"Tokoro,  Kitami City",303
120900,北海道夕張市,夕張市,Yubari City,307
121000,北海道岩見沢市,岩見沢市,Iwamizawa City,307
121100,北海道網走市,網走市,Abashiri City,303
121200,北海道留萌市,留萌市,Rumoi City,302
121300,北海道苫小牧市,苫小牧市,Tomakomai City,306
121400,北海道稚内市,稚内市,Wakkanai City,301
121500,北海道美唄市,美唄市,Bibai City,307
121600,北海道芦別市,芦別市,Ashibetsu City,307
121700,北海道江別市,江別市,Ebetsu City,307
121800,北海道赤平市,赤平市,Akabira City,307
121900,北海道紋別市,紋別市,Mombetsu City,303
122000,北海道士別市,士別市,Shibetsu City,302
122100,北海道名寄市,名寄市,Nayoro City,302
122200,北海道三笠市,三笠市,Mikasa City,307
122300,北海道根室市,根室市,Nemuro City,305
122400,北海道千歳市,千歳市,Chitose City,307
122500,北海道滝川市,滝川市,Takikawa City,307
122600,北海道砂川市,砂川市,Sunagawa City,307
122700,北海道歌志内市,歌志内市,Utashinai City,307
122800,北海道深川市,深川市,Fukagawa City,307
122900,北海道富良野市,富良野市,Furano City,302
123000,北海道登別市,登別市,Noboribetsu City,306
123100,北海道恵庭市,恵庭市,Eniwa City,307
123301,気象庁予報警報規程別表第四の二に示す「伊達市伊達」の区域,伊達市伊達,"Date,  Date City",306
123302,気象庁予報警報規程別表第四の二に示す「伊達市大滝」の区域,伊達市大滝,"Otaki,  Date City",306
123400,北海道北広島市,北広島市,Kitahiroshima City,307
123500,北海道石狩市,石狩市,Ishikari City,307
123600,北海道北斗市,北斗市,Hokuto City,308
130300,北海道当別町,当別町,Tobetsu Town,307
130400,北海道新篠津村,新篠津村,Shinshinotsu Village,307
133100,北海道松前町,松前町,Matsumae Town,308
133200,北海道福島町,福島町,Fukushima Town,308
133300,北海道知内町,知内町,Shiriuchi Town,308
133400,北海道木古内町,木古内町,Kikonai Town,308
133700,北海道七飯町,七飯町,Nanae Town,308
134300,北海道鹿部町,鹿部町,Shikabe Town,308
134500,北海道森町,森町,Mori Town,308
134601,気象庁予報警報規程別表第四の二に示す「八雲町八雲」の区域,八雲町八雲,"Yakumo, Yakumo Town",308
134602,気象庁予報警報規程別表第四の二に示す「八雲町熊石」の区域,八雲町熊石,"Kumaishi, Yakumo Town",308
134700,北海道長万部町,長万部町,Oshamambe Town,308
136100,北海道江差町,江差町,Esashi Town,308
136200,北海道上ノ国町,上ノ国町,Kaminokuni Town,308
136300,北海道厚沢部町,厚沢部町,Assabu Town,308
136400,北海道乙部町,乙部町,Otobe Town,308
136700,北海道奥尻町,奥尻町,Okushiri Town,308
137000,北海道今金町,今金町,Imakane Town,308
137100,北海道せたな町,せたな町,Setana Town,308
139100,北海道島牧村,島牧村,Shimamaki Village,307
139200,北海道寿都町,寿都町,Suttsu Town,307
139300,北海道黒松内町,黒松内町,Kuromatsunai Town,307
139400,北海道蘭越町,蘭越町,Rankoshi Town,307
139500,北海道ニセコ町,ニセコ町,Niseko Town,307
139600,北海道真狩村,真狩村,Makkari Village,307
139700,北海道留寿都村,留寿都村,Rusutsu Village,307
139800,北海道喜茂別町,喜茂別町,Kimobetsu Town,307
139900,北海道京極町,京極町,Kyogoku Town,307
140000,北海道倶知安町,倶知安町,Kutchan Town,307
140100,北海道共和町,共和町,Kyowa Town,307
140200,北海道岩内町,岩内町,Iwanai Town,307
140300,北海道泊村,泊村,Tomari Village,307
140400,北海道神恵内村,神恵内村,Kamoenai Village,307
140500,北海道積丹町,積丹町,Shakotan Town,307
140600,北海道古平町,古平町,Furubira Town,307
140700,北海道仁木町,仁木町,Niki Town,307
140800,北海道余市町,余市町,Yoichi Town,307
140900,北海道赤井川村,赤井川村,Akaigawa Village,307
142300,北海道南幌町,南幌町,Namporo Town,307
142400,北海道奈井江町,奈井江町,Naie Town,307
142500,北海道上砂川町,上砂川町,Kamisunagawa Town,307
142700,北海道由仁町,由仁町,Yuni Town,307
142800,北海道長沼町,長沼町,Naganuma Town,307
142900,北海道栗山町,栗山町,Kuriyama Town,307
143000,北海道月形町,月形町,Tsukigata Town,307
143100,北海道浦臼町,浦臼町,Urausu Town,307
143200,北海道新十津川町,新十津川町,Shintotsukawa Town,307
143300,北海道妹背牛町,妹背牛町,Moseushi Town,307
143400,北海道秩父別町,秩父別町,Chippubetsu Town,307
143600,北海道雨竜町,雨竜町,Uryu Town,307
143700,北海道北竜町,北竜町,Hokuryu Town,307
143800,北海道沼田町,沼田町,Numata Town,307
145200,北海道鷹栖町,鷹栖町,Takasu Town,302
145300,北海道東神楽町,東神楽町,Higashikagura Town,302
145400,北海道当麻町,当麻町,Toma Town,302
145500,北海道比布町,比布町,Pippu Town,302
145600,北海道愛別町,愛別町,Aibetsu Town,302
145700,北海道上川町,上川町,Kamikawa Town,302
145800,北海道東川町,東川町,Higashikawa Town,302
145900,北海道美瑛町,美瑛町,Biei Town,302
146000,北海道上富良野町,上富良野町,Kamifurano Town,302
146100,北海道中富良野町,中富良野町,Nakafurano Town,302
146200,北海道南富良野町,南富良野町,Minamifurano Town,302
146300,北海道占冠村,占冠村,Shimukappu Village,302
146400,北海道和寒町,和寒町,Wassamu Town,302
146500,北海道剣淵町,剣淵町,Kembuchi Town,302
146800,北海道下川町,下川町,Shimokawa Town,302
146900,北海道美深町,美深町,Bifuka Town,302
147000,北海道音威子府村,音威子府村,Otoineppu Village,302
147100,北海道中川町,中川町,Nakagawa Town,302
147200,北海道幌加内町,幌加内町,Horokanai Town,302
148100,北海道増毛町,増毛町,Mashike Town,302
148200,北海道小平町,小平町,Obira Town,302
148300,北海道苫前町,苫前町,Tomamae Town,302
148401,気象庁予報警報規程別表第四の二に示す「羽幌町」の区域,羽幌町,Haboro Town,302
148402,気象庁予報警報規程別表第四の二に示す「天売焼尻」の区域,天売焼尻,"Teuri-Yagishiri, Haboro Town",302
148500,北海道初山別村,初山別村,Shosambetsu Village,302
148600,北海道遠別町,遠別町,Embetsu Town,302
148700,北海道天塩町,天塩町,Teshio Town,302
151100,北海道猿払村,猿払村,Sarufutsu Village,301
151200,北海道浜頓別町,浜頓別町,Hamatombetsu Town,301
151300,北海道中頓別町,中頓別町,Nakatombetsu Town,301
151400,北海道枝幸町,枝幸町,Esashi Town,301
151600,北海道豊富町,豊富町,Toyotomi Town,301
151700,北海道礼文町,礼文町,Rebun Town,301
151800,北海道利尻町,利尻町,Rishiri Town,301
151900,北海道利尻富士町,利尻富士町,Rishirifuji Town,301
152000,北海道幌延町,幌延町,Horonobe Town,301
154300,北海道美幌町,美幌町,Bihoro Town,303
154400,北海道津別町,津別町,Tsubetsu Town,303
154500,北海道斜里町,斜里町,Shari Town,303
154600,北海道清里町,清里町,Kiyosato Town,303
154700,北海道小清水町,小清水町,Koshimizu Town,303
154900,北海道訓子府町,訓子府町,Kunneppu Town,303
155000,北海道置戸町,置戸町,Oketo Town,303
155200,北海道佐呂間町,佐呂間町,Saroma Town,303
155500,北海道遠軽町,遠軽町,Engaru Town,303
155900,北海道湧別町,湧別町,Yubetsu Town,303
156000,北海道滝上町,滝上町,Takinoue Town,303
156100,北海道興部町,興部町,Okoppe Town,303
156200,北海道西興部村,西興部村,Nishiokoppe Village,303
156300,北海道雄武町,雄武町,Omu Town,303
156400,北海道大空町,大空町,Ozora Town,303
157100,北海道豊浦町,豊浦町,Toyoura Town,306
157500,北海道壮瞥町,壮瞥町,Sobetsu Town,306
157800,北海道白老町,白老町,Shiraoi Town,306
158100,北海道厚真町,厚真町,Atsuma Town,306
158400,北海道洞爺湖町,洞爺湖町,Toyako Town,306
158500,北海道安平町,安平町,Abira Town,306
158600,北海道むかわ町,むかわ町,Mukawa Town,306
160101,気象庁予報警報規程別表第四の二に示す「日高町日高」の区域,日高町日高,"Hidaka, Hidaka Town",306
160102,気象庁予報警報規程別表第四の二に示す「日高町門別」の区域,日高町門別,"Monbetsu, Hidaka Town",306
160200,北海道平取町,平取町,Biratori Town,306
160400,北海道新冠町,新冠町,Niikappu Town,306
160700,北海道浦河町,浦河町,Urakawa Town,306
160800,北海道様似町,様似町,Samani Town,306
160900,北海道えりも町,えりも町,Erimo Town,306
161000,北海道新ひだか町,新ひだか町,Shinhidaka Town,306
163100,北海道音更町,音更町,Otofuke Town,304
163200,北海道士幌町,士幌町,Shihoro Town,304
163300,北海道上士幌町,上士幌町,Kamishihoro Town,304
163400,北海道鹿追町,鹿追町,Shikaoi Town,304
163500,北海道新得町,新得町,Shintoku Town,304
163600,北海道清水町,清水町,Shimizu Town,304
163700,北海道芽室町,芽室町,Memuro Town,304
163800,北海道中札内村,中札内村,Nakasatsunai Village,304
163900,北海道更別村,更別村,Sarabetsu Village,304
164100,北海道大樹町,大樹町,Taiki Town,304
164200,北海道広尾町,広尾町,Hiroo Town,304
164300,北海道幕別町,幕別町,Makubetsu Town,304
164400,北海道池田町,池田町,Ikeda Town,304
164500,北海道豊頃町,豊頃町,Toyokoro Town,304
164600,北海道本別町,本別町,Hombetsu Town,304
164700,北海道足寄町,足寄町,Ashoro Town,304
164800,北海道陸別町,陸別町,Rikubetsu Town,304
164900,北海道浦幌町,浦幌町,Urahoro Town,304
166100,北海道釧路町,釧路町,Kushiro Town,302
166200,北海道厚岸町,厚岸町,Akkeshi Town,305
166300,北海道浜中町,浜中町,Hamanaka Town,305
166400,北海道標茶町,標茶町,Shibecha Town,305
166500,北海道弟子屈町,弟子屈町,Teshikaga Town,305
166700,北海道鶴居村,鶴居村,Tsurui Village,305
166800,北海道白糠町,白糠町,Shiranuka Town,305
169100,北海道別海町,別海町,Betsukai Town,305
169200,北海道中標津町,中標津町,Nakashibetsu Town,305
169300,北海道標津町,標津町,Shibetsu Town,305
169400,北海道羅臼町,羅臼町,Rausu Town,305
220100,青森県青森市,青森市,Aomori City,2
220200,青森県弘前市,弘前市,Hirosaki City,2
220300,青森県八戸市,八戸市,Hachinohe City,2
220400,青森県黒石市,黒石市,Kuroishi City,2
220500,青森県五所川原市,五所川原市,Goshogawara City,2
220600,青森県十和田市,十和田市,Towada City,2
220700,青森県三沢市,三沢市,Misawa City,2
220800,青森県むつ市,むつ市,Mutsu City,2
220900,青森県つがる市,つがる市,Tsugaru City,2
221000,青森県平川市,平川市,Hirakawa City,2
230100,青森県平内町,平内町,Hiranai Town,2
230300,青森県今別町,今別町,Imabetsu Town,2
230400,青森県蓬田村,蓬田村,Yomogita Village,2
230700,青森県外ヶ浜町,外ヶ浜町,Sotogahama Town,2
232100,青森県鰺ヶ沢町,鰺ヶ沢町,Ajigasawa Town,2
232300,青森県深浦町,深浦町,Fukaura Town,2
234300,青森県西目屋村,西目屋村,Nishimeya Village,2
236100,青森県藤崎町,藤崎町,Fujisaki Town,2
236200,青森県大鰐町,大鰐町,Owani Town,2
236700,青森県田舎館村,田舎館村,Inakadate Village,2
238100,青森県板柳町,板柳町,Itayanagi Town,2
238400,青森県鶴田町,鶴田町,Tsuruta Town,2
238700,青森県中泊町,中泊町,Nakadomari Town,2
240100,青森県野辺地町,野辺地町,Noheji Town,2
240200,青森県七戸町,七戸町,Shichinohe Town,2
240500,青森県六戸町,六戸町,Rokunohe Town,2
240600,青森県横浜町,横浜町,Yokohama Town,2
240800,青森県東北町,東北町,Tohoku Town,2
241100,青森県六ヶ所村,六ヶ所村,Rokkasho Village,2
241200,青森県おいらせ町,おいらせ町,Oirase Town,2
242300,青森県大間町,大間町,Oma Town,2
242400,青森県東通村,東通村,Higashidori Village,2
242500,青森県風間浦村,風間浦村,Kazamaura Village,2
242600,青森県佐井村,佐井村,Sai Village,2
244100,青森県三戸町,三戸町,Sannohe Town,2
244200,青森県五戸町,五戸町,Gonohe Town,2
244300,青森県田子町,田子町,Takko Town,2
244500,青森県南部町,南部町,Nambu Town,2
244600,青森県階上町,階上町,Hashikami Town,2
245000,青森県新郷村,新郷村,Shingo Village,2
320100,岩手県盛岡市,盛岡市,Morioka City,3
320200,岩手県宮古市,宮古市,Miyako City,3
320300,岩手県大船渡市,大船渡市,Ofunato City,3
320500,岩手県花巻市,花巻市,Hanamaki City,3
320600,岩手県北上市,北上市,Kitakami City,3
320700,岩手県久慈市,久慈市,Kuji City,3
320800,岩手県遠野市,遠野市,Tono City,3
320900,岩手県一関市,一関市,Ichinoseki City,3
321000,岩手県陸前高田市,陸前高田市,Rikuzentakata City,3
321100,岩手県釜石市,釜石市,Kamaishi City,3
321300,岩手県二戸市,二戸市,Ninohe City,3
321400,岩手県八幡平市,八幡平市,Hachimantai City,3
321500,岩手県奥州市,奥州市,Oshu City,3
321600,岩手県滝沢市,滝沢市,Takizawa City,3
330100,岩手県雫石町,雫石町,Shizukuishi Town,3
330200,岩手県葛巻町,葛巻町,Kuzumaki Town,3
330300,岩手県岩手町,岩手町,Iwate Town,3
332100,岩手県紫波町,紫波町,Shiwa Town,3
332200,岩手県矢巾町,矢巾町,Yahaba Town,3
336600,岩手県西和賀町,西和賀町,Nishiwaga Town,3
338100,岩手県金ケ崎町,金ケ崎町,Kanegasaki Town,3
340200,岩手県平泉町,平泉町,Hiraizumi Town,3
344100,岩手県住田町,住田町,Sumita Town,3
346100,岩手県大槌町,大槌町,Otsuchi Town,3
348200,岩手県山田町,山田町,Yamada Town,3
348300,岩手県岩泉町,岩泉町,Iwaizumi Town,3
348400,岩手県田野畑村,田野畑村,Tanohata Village,3
348500,岩手県普代村,普代村,Fudai Village,3
350100,岩手県軽米町,軽米町,Karumai Town,3
350300,岩手県野田村,野田村,Noda Village,3
350600,岩手県九戸村,九戸村,Kunohe Village,3
350700,岩手県洋野町,洋野町,Hirono Town,3
352400,岩手県一戸町,一戸町,Ichinohe Town,3
410001,気象庁予報警報規程別表第四の二に示す「仙台市東部」の区域,仙台市東部,Eastern Sendai City,4
410002,気象庁予報警報規程別表第四の二に示す「仙台市西部」の区域,仙台市西部,Western Sendai City,4
420200,宮城県石巻市,石巻市,Ishinomaki City,4
420300,宮城県塩竈市,塩竈市,Shiogama City,4
420500,宮城県気仙沼市,気仙沼市,Kesennuma City,4
420600,宮城県白石市,白石市,Shiroishi City,4
420700,宮城県名取市,名取市,Natori City,4
420800,宮城県角田市,角田市,Kakuda City,4
420900,宮城県多賀城市,多賀城市,Tagajo City,4
421100,宮城県岩沼市,岩沼市,Iwanuma City,4
421200,宮城県登米市,登米市,Tome City,4
421301,気象庁予報警報規程別表第四の二に示す「栗原市東部」の区域,栗原市東部,Eastern Kurihara City,4
421302,気象庁予報警報規程別表第四の二に示す「栗原市西部」の区域,栗原市西部,Western Kurihara City,4
421400,宮城県東松島市,東松島市,Higashimatsushima City,4
421501,気象庁予報警報規程別表第四の二に示す「大崎市東部」の区域,大崎市東部,Eastern Osaki City,4
421502,気象庁予報警報規程別表第四の二に示す「大崎市西部」の区域,大崎市西部,Western Osaki City,4
421600,宮城県富谷市,富谷市,Tomiya City,4
430100,宮城県蔵王町,蔵王町,Zao Town,4
430200,宮城県七ヶ宿町,七ヶ宿町,Shichikashuku Town,4
432100,宮城県大河原町,大河原町,Ogawara Town,4
432200,宮城県村田町,村田町,Murata Town,4
432300,宮城県柴田町,柴田町,Shibata Town,4
432400,宮城県川崎町,川崎町,Kawasaki Town,4
434100,宮城県丸森町,丸森町,Marumori Town,4
436100,宮城県亘理町,亘理町,Watari Town,4
436200,宮城県山元町,山元町,Yamamoto Town,4
440100,宮城県松島町,松島町,Matsushima Town,4
440400,宮城県七ヶ浜町,七ヶ浜町,Shichigahama Town,4
440600,宮城県利府町,利府町,Rifu Town,4
442101,気象庁予報警報規程別表第四の二に示す「大和町東部」の区域,大和町東部,Eastern Taiwa Town ,4
442102,気象庁予報警報規程別表第四の二に示す「大和町西部」の区域,大和町西部,Western Taiwa Town ,4
442200,宮城県大郷町,大郷町,Osato Town,4
442400,宮城県大衡村,大衡村,Ohira Village,4
444400,宮城県色麻町,色麻町,Shikama Town,4
444500,宮城県加美町,加美町,Kami Town,4
450100,宮城県涌谷町,涌谷町,Wakuya Town,4
450500,宮城県美里町,美里町,Misato Town,4
458100,宮城県女川町,女川町,Onagawa Town,4
460600,宮城県南三陸町,南三陸町,Minamisanriku Town,4
520100,秋田県秋田市,秋田市,Akita City,5
520111,秋田県秋田市のうち秋田市河辺雄和の区域を除く区域,秋田市秋田,"Akita, Akita City  ",5
520112,秋田県秋田市のうち河辺市民センター及び雄和市民センター管内,秋田市河辺雄和,"Kawabeyuwa, Akita City ",5
520200,秋田県能代市,能代市,Noshiro City,5
520300,秋田県横手市,横手市,Yokote City,5
520400,秋田県大館市,大館市,Odate City,5
520600,秋田県男鹿市,男鹿市,Oga City,5
520700,秋田県湯沢市,湯沢市,Yuzawa City,5
520900,秋田県鹿角市,鹿角市,Kazuno City,5
521000,秋田県由利本荘市,由利本荘市,Yurihonjo City,5
521011,秋田県由利本荘市のうち由利本荘市内陸の区域を除く区域,由利本荘市沿岸,Coast of Yurihonjo City,5
521012,秋田県由利本荘市のうち矢島総合支所、由利総合支所、大内総合支所、東由利総合支所及び鳥海総合支所管内 ,由利本荘市内陸,Inland of Yurihonjo City,5
521100,秋田県潟上市,潟上市,Katagami City,5
521200,秋田県大仙市,大仙市,Daisen City,5
521300,秋田県北秋田市,北秋田市,Kitaakita City,5
521400,秋田県にかほ市,にかほ市,Nikaho City,5
521500,秋田県仙北市,仙北市,Semboku City,5
530300,秋田県小坂町,小坂町,Kosaka Town,5
532700,秋田県上小阿仁村,上小阿仁村,Kamikoani Village,5
534600,秋田県藤里町,藤里町,Fujisato Town,5
534800,秋田県三種町,三種町,Mitane Town,5
534900,秋田県八峰町,八峰町,Happou Town,5
536100,秋田県五城目町,五城目町,Gojome Town,5
536300,秋田県八郎潟町,八郎潟町,Hachirogata Town,5
536600,秋田県井川町,井川町,Ikawa Town,5
536800,秋田県大潟村,大潟村,Ogata Village,5
543400,秋田県美郷町,美郷町,Misato Town,5
546300,秋田県羽後町,羽後町,Ugo Town,5
546400,秋田県東成瀬村,東成瀬村,Higashinaruse Village,5
620100,山形県山形市,山形市,Yamagata City,6
620200,山形県米沢市,米沢市,Yonezawa City,6
620300,山形県鶴岡市,鶴岡市,Tsuruoka City,6
620311,山形県鶴岡市のうち鶴岡市南部の区域を除く区域,鶴岡市北部,Northern Tsuruoka City,6
620312,山形県鶴岡市のうち朝日庁舎、朝日庁舎南出張所及び温海庁舎管内,鶴岡市南部,Southern Tsuruoka City,6
620400,山形県酒田市,酒田市,Sakata City,6
620411,山形県酒田市のうち酒田市飛島及び酒田市北部の区域を除く区域,酒田市南部,Southern Sakata City,6
620412,山形県酒田市のうち飛島,酒田市飛島,"Tobishima,  Sakata City",6
620413,山形県酒田市のうち八幡総合支所管内,酒田市北部,Northern Sakata City,6
620500,山形県新庄市,新庄市,Shinjo City,6
620600,山形県寒河江市,寒河江市,Sagae City,6
620700,山形県上山市,上山市,Kaminoyama City,6
620800,山形県村山市,村山市,Murayama City,6
620900,山形県長井市,長井市,Nagai City,6
621000,山形県天童市,天童市,Tendo City,6
621100,山形県東根市,東根市,Higashine City,6
621200,山形県尾花沢市,尾花沢市,Obanazawa City,6
621300,山形県南陽市,南陽市,Nanyo City,6
630100,山形県山辺町,山辺町,Yamanobe Town,6
630200,山形県中山町,中山町,Nakayama Town,6
632100,山形県河北町,河北町,Kahoku Town,6
632200,山形県西川町,西川町,Nishikawa Town,6
632300,山形県朝日町,朝日町,Asahi Town,6
632400,山形県大江町,大江町,Oe Town,6
634100,山形県大石田町,大石田町,Oishida Town,6
636100,山形県金山町,金山町,Kaneyama Town,6
636200,山形県最上町,最上町,Mogami Town,6
636300,山形県舟形町,舟形町,Funagata Town,6
636400,山形県真室川町,真室川町,Mamurogawa Town,6
636500,山形県大蔵村,大蔵村,Okura Village,6
636600,山形県鮭川村,鮭川村,Sakegawa Village,6
636700,山形県戸沢村,戸沢村,Tozawa Village,6
638100,山形県高畠町,高畠町,Takahata Town,6
638200,山形県川西町,川西町,Kawanishi Town,6
640100,山形県小国町,小国町,Oguni Town,6
640200,山形県白鷹町,白鷹町,Shirataka Town,6
640300,山形県飯豊町,飯豊町,Iide Town,6
642600,山形県三川町,三川町,Mikawa Town,6
642800,山形県庄内町,庄内町,Shonai Town,6
646100,山形県遊佐町,遊佐町,Yuza Town,6
720100,福島県福島市,福島市,Fukushima City,7
720200,福島県会津若松市,会津若松市,Aizuwakamatsu City,7
720300,福島県郡山市,郡山市,Koriyama City,7
720301,気象庁予報警報規程別表第四の二に示す「郡山市」の区域,郡山市,Koriyama City,7
720302,気象庁予報警報規程別表第四の二に示す「郡山市湖南」の区域,郡山市湖南,"Konan, Koriyama City",7
720400,福島県いわき市,いわき市,Iwaki City,7
720500,福島県白河市,白河市,Shirakawa City,7
720700,福島県須賀川市,須賀川市,Sukagawa City,7
720800,福島県喜多方市,喜多方市,Kitakata City,7
720900,福島県相馬市,相馬市,Soma City,7
721000,福島県二本松市,二本松市,Nihonmatsu City,7
721100,福島県田村市,田村市,Tamura City,7
721200,福島県南相馬市,南相馬市,Minamisoma City,7
721300,福島県伊達市,伊達市,Date City,7
721400,福島県本宮市,本宮市,Motomiya City,7
730100,福島県桑折町,桑折町,Koori Town,7
730300,福島県国見町,国見町,Kunimi Town,7
730800,福島県川俣町,川俣町,Kawamata Town,7
732200,福島県大玉村,大玉村,Otama Village,7
734200,福島県鏡石町,鏡石町,Kagamiishi Town,7
734400,福島県天栄村,天栄村,Tenei Village,7
734401,気象庁予報警報規程別表第四の二に示す「天栄村」の区域,天栄村,Tenei Village,7
734402,気象庁予報警報規程別表第四の二に示す「天栄村湯本」の区域,天栄村湯本,"Yumoto, Tenei Village",7
736200,福島県下郷町,下郷町,Shimogo Town,7
736400,福島県檜枝岐村,檜枝岐村,Hinoemata Village,7
736700,福島県只見町,只見町,Tadami Town,7
736800,福島県南会津町,南会津町,Minamiaizu Town,7
740200,福島県北塩原村,北塩原村,Kitashiobara Village,7
740500,福島県西会津町,西会津町,Nishiaizu Town,7
740700,福島県磐梯町,磐梯町,Bandai Town,7
740800,福島県猪苗代町,猪苗代町,Inawashiro Town,7
742100,福島県会津坂下町,会津坂下町,Aizubange Town,7
742200,福島県湯川村,湯川村,Yugawa Village,7
742300,福島県柳津町,柳津町,Yanaizu Town,7
744400,福島県三島町,三島町,Mishima Town,7
744500,福島県金山町,金山町,Kaneyama Town,7
744600,福島県昭和村,昭和村,Showa Village,7
744700,福島県会津美里町,会津美里町,Aizumisato Town,7
746100,福島県西郷村,西郷村,Nishigo Village,7
746400,福島県泉崎村,泉崎村,Izumizaki Village,7
746500,福島県中島村,中島村,Nakajima Village,7
746600,福島県矢吹町,矢吹町,Yabuki Town,7
748100,福島県棚倉町,棚倉町,Tanagura Town,7
748200,福島県矢祭町,矢祭町,Yamatsuri Town,7
748300,福島県塙町,塙町,Hanawa Town,7
748400,福島県鮫川村,鮫川村,Samegawa Village,7
750100,福島県石川町,石川町,Ishikawa Town,7
750200,福島県玉川村,玉川村,Tamakawa Village,7
750300,福島県平田村,平田村,Hirata Village,7
750400,福島県浅川町,浅川町,Asakawa Town,7
750500,福島県古殿町,古殿町,Furudono Town,7
752100,福島県三春町,三春町,Miharu Town,7
752200,福島県小野町,小野町,Ono Town,7
754100,福島県広野町,広野町,Hirono Town,7
754200,福島県楢葉町,楢葉町,Naraha Town,7
754300,福島県富岡町,富岡町,Tomioka Town,7
754400,福島県川内村,川内村,Kawauchi Village,7
754500,福島県大熊町,大熊町,Okuma Town,7
754600,福島県双葉町,双葉町,Futaba Town,7
754700,福島県浪江町,浪江町,Namie Town,7
754800,福島県葛尾村,葛尾村,Katsurao Village,7
756100,福島県新地町,新地町,Shinchi Town,7
756400,福島県飯舘村,飯舘村,Iitate Village,7
820100,茨城県水戸市,水戸市,Mito City,8
820200,茨城県日立市,日立市,Hitachi City,8
820300,茨城県土浦市,土浦市,Tsuchiura City,8
820400,茨城県古河市,古河市,Koga City,8
820500,茨城県石岡市,石岡市,Ishioka City,8
820700,茨城県結城市,結城市,Yuki City,8
820800,茨城県龍ケ崎市,龍ケ崎市,Ryugasaki City,8
821000,茨城県下妻市,下妻市,Shimotsuma City,8
821100,茨城県常総市,常総市,Joso City,8
821200,茨城県常陸太田市,常陸太田市,Hitachiota City,8
821400,茨城県高萩市,高萩市,Takahagi City,8
821500,茨城県北茨城市,北茨城市,Kitaibaraki City,8
821600,茨城県笠間市,笠間市,Kasama City,8
821700,茨城県取手市,取手市,Toride City,8
821900,茨城県牛久市,牛久市,Ushiku City,8
822000,茨城県つくば市,つくば市,Tsukuba City,8
822100,茨城県ひたちなか市,ひたちなか市,Hitachinaka City,8
822200,茨城県鹿嶋市,鹿嶋市,Kashima City,8
822300,茨城県潮来市,潮来市,Itako City,8
822400,茨城県守谷市,守谷市,Moriya City,8
822500,茨城県常陸大宮市,常陸大宮市,Hitachiomiya City,8
822600,茨城県那珂市,那珂市,Naka City,8
822700,茨城県筑西市,筑西市,Chikusei City,8
822800,茨城県坂東市,坂東市,Bando City,8
822900,茨城県稲敷市,稲敷市,Inashiki City,8
823000,茨城県かすみがうら市,かすみがうら市,Kasumigaura City,8
823100,茨城県桜川市,桜川市,Sakuragawa City,8
823200,茨城県神栖市,神栖市,Kamisu City,8
823300,茨城県行方市,行方市,Namegata City,8
823400,茨城県鉾田市,鉾田市,Hokota City,8
823500,茨城県つくばみらい市,つくばみらい市,Tsukubamirai City,8
823600,茨城県小美玉市,小美玉市,Omitama City,8
830200,茨城県茨城町,茨城町,Ibaraki Town,8
830900,茨城県大洗町,大洗町,Oarai Town,8
831000,茨城県城里町,城里町,Shirosato Town,8
834100,茨城県東海村,東海村,Tokai Village,8
836400,茨城県大子町,大子町,Daigo Town,8
844200,茨城県美浦村,美浦村,Miho Village,8
844300,茨城県阿見町,阿見町,Ami Town,8
844700,茨城県河内町,河内町,Kawachi Town,8
852100,茨城県八千代町,八千代町,Yachiyo Town,8
854200,茨城県五霞町,五霞町,Goka Town,8
854600,茨城県境町,境町,Sakai Town,8
856400,茨城県利根町,利根町,Tone Town,8
920100,栃木県宇都宮市,宇都宮市,Utsunomiya City,9
920200,栃木県足利市,足利市,Ashikaga City,9
920300,栃木県栃木市,栃木市,Tochigi City,9
920400,栃木県佐野市,佐野市,Sano City,9
920500,栃木県鹿沼市,鹿沼市,Kanuma City,9
920600,栃木県日光市,日光市,Nikko City,9
920800,栃木県小山市,小山市,Oyama City,9
920900,栃木県真岡市,真岡市,Moka City,9
921000,栃木県大田原市,大田原市,Ohtawara City,9
921100,栃木県矢板市,矢板市,Yaita City,9
921300,栃木県那須塩原市,那須塩原市,Nasushiobara City,9
921400,栃木県さくら市,さくら市,Sakura City,9
921500,栃木県那須烏山市,那須烏山市,Nasukarasuyama City,9
921600,栃木県下野市,下野市,Shimotsuke City,9
930100,栃木県上三川町,上三川町,Kaminokawa Town,9
934200,栃木県益子町,益子町,Mashiko Town,9
934300,栃木県茂木町,茂木町,Motegi Town,9
934400,栃木県市貝町,市貝町,Ichikai Town,9
934500,栃木県芳賀町,芳賀町,Haga Town,9
936100,栃木県壬生町,壬生町,Mibu Town,9
936400,栃木県野木町,野木町,Nogi Town,9
938400,栃木県塩谷町,塩谷町,Shioya Town,9
938600,栃木県高根沢町,高根沢町,Takanezawa Town,9
940700,栃木県那須町,那須町,Nasu Town,9
941100,栃木県那珂川町,那珂川町,Nakagawa Town,9
1020100,群馬県前橋市,前橋市,Maebashi City,10
1020200,群馬県高崎市,高崎市,Takasaki City,10
1020300,群馬県桐生市,桐生市,Kiryu City,10
1020400,群馬県伊勢崎市,伊勢崎市,Isesaki City,10
1020500,群馬県太田市,太田市,Ota City,10
1020600,群馬県沼田市,沼田市,Numata City,10
1020700,群馬県館林市,館林市,Tatebayashi City,10
1020800,群馬県渋川市,渋川市,Shibukawa City,10
1020900,群馬県藤岡市,藤岡市,Fujioka City,10
1021000,群馬県富岡市,富岡市,Tomioka City,10
1021100,群馬県安中市,安中市,Annaka City,10
1021200,群馬県みどり市,みどり市,Midori City,10
1034400,群馬県榛東村,榛東村,Shinto Village,10
1034500,群馬県吉岡町,吉岡町,Yoshioka Town,10
1036600,群馬県上野村,上野村,Ueno Village,10
1036700,群馬県神流町,神流町,Kanna Town,10
1038200,群馬県下仁田町,下仁田町,Shimonita Town,10
1038300,群馬県南牧村,南牧村,Nammoku Village,10
1038400,群馬県甘楽町,甘楽町,Kanra Town,10
1042100,群馬県中之条町,中之条町,Nakanojo Town,10
1042400,群馬県長野原町,長野原町,Naganohara Town,10
1042500,群馬県嬬恋村,嬬恋村,Tsumagoi Village,10
1042600,群馬県草津町,草津町,Kusatsu Town,10
1042800,群馬県高山村,高山村,Takayama Village,10
1042900,群馬県東吾妻町,東吾妻町,Higashiagatsuma Town,10
1044300,群馬県片品村,片品村,Katashina Village,10
1044400,群馬県川場村,川場村,Kawaba Village,10
1044800,群馬県昭和村,昭和村,Showa Village,10
1044900,群馬県みなかみ町,みなかみ町,Minakami Town,10
1046400,群馬県玉村町,玉村町,Tamamura Town,10
1052100,群馬県板倉町,板倉町,Itakura Town,10
1052200,群馬県明和町,明和町,Meiwa Town,10
1052300,群馬県千代田町,千代田町,Chiyoda Town,10
1052400,群馬県大泉町,大泉町,Oizumi Town,10
1052500,群馬県邑楽町,邑楽町,Ora Town,10
1110000,埼玉県さいたま市,さいたま市,Saitama City,11
1120100,埼玉県川越市,川越市,Kawagoe City,11
1120200,埼玉県熊谷市,熊谷市,Kumagaya City,11
1120300,埼玉県川口市,川口市,Kawaguchi City,11
1120600,埼玉県行田市,行田市,Gyoda City,11
1120700,埼玉県秩父市,秩父市,Chichibu City,11
1120800,埼玉県所沢市,所沢市,Tokorozawa City,11
1120900,埼玉県飯能市,飯能市,Hanno City,11
1121000,埼玉県加須市,加須市,Kazo City,11
1121100,埼玉県本庄市,本庄市,Honjo City,11
1121200,埼玉県東松山市,東松山市,Higashimatsuyama City,11
1121400,埼玉県春日部市,春日部市,Kasukabe City,11
1121500,埼玉県狭山市,狭山市,Sayama City,11
1121600,埼玉県羽生市,羽生市,Hanyu City,11
1121700,埼玉県鴻巣市,鴻巣市,Kounosu City,11
1121800,埼玉県深谷市,深谷市,Fukaya City,11
1121900,埼玉県上尾市,上尾市,Ageo City,11
1122100,埼玉県草加市,草加市,Soka City,11
1122200,埼玉県越谷市,越谷市,Koshigaya City,11
1122300,埼玉県蕨市,蕨市,Warabi City,11
1122400,埼玉県戸田市,戸田市,Toda City,11
1122500,埼玉県入間市,入間市,Iruma City,11
1122700,埼玉県朝霞市,朝霞市,Asaka City,11
1122800,埼玉県志木市,志木市,Shiki City,11
1122900,埼玉県和光市,和光市,Wako City,11
1123000,埼玉県新座市,新座市,Niiza City,11
1123100,埼玉県桶川市,桶川市,Okegawa City,11
1123200,埼玉県久喜市,久喜市,Kuki City,11
1123300,埼玉県北本市,北本市,Kitamoto City,11
1123400,埼玉県八潮市,八潮市,Yashio City,11
1123500,埼玉県富士見市,富士見市,Fujimi City,11
1123700,埼玉県三郷市,三郷市,Misato City,11
1123800,埼玉県蓮田市,蓮田市,Hasuda City,11
1123900,埼玉県坂戸市,坂戸市,Sakado City,11
1124000,埼玉県幸手市,幸手市,Satte City,11
1124100,埼玉県鶴ヶ島市,鶴ヶ島市,Tsurugashima City,11
1124200,埼玉県日高市,日高市,Hidaka City,11
1124300,埼玉県吉川市,吉川市,Yoshikawa City,11
1124500,埼玉県ふじみ野市,ふじみ野市,Fujimino City,11
1124600,埼玉県白岡市,白岡市,Shiraoka City,11
1130100,埼玉県伊奈町,伊奈町,Ina Town,11
1132400,埼玉県三芳町,三芳町,Miyoshi Town,11
1132600,埼玉県毛呂山町,毛呂山町,Moroyama Town,11
1132700,埼玉県越生町,越生町,Ogose Town,11
1134100,埼玉県滑川町,滑川町,Namegawa Town,11
1134200,埼玉県嵐山町,嵐山町,Ranzan Town,11
1134300,埼玉県小川町,小川町,Ogawa Town,11
1134600,埼玉県川島町,川島町,Kawajima Town,11
1134700,埼玉県吉見町,吉見町,Yoshimi Town,11
1134800,埼玉県鳩山町,鳩山町,Hatoyama Town,11
1134900,埼玉県ときがわ町,ときがわ町,Tokigawa Town,11
1136100,埼玉県横瀬町,横瀬町,Yokoze Town,11
1136200,埼玉県皆野町,皆野町,Minano Town,11
1136300,埼玉県長瀞町,長瀞町,Nagatoro Town,11
1136500,埼玉県小鹿野町,小鹿野町,Ogano Town,11
1136900,埼玉県東秩父村,東秩父村,Higashichichibu Village,11
1138100,埼玉県美里町,美里町,Misato Town,11
1138300,埼玉県神川町,神川町,Kamikawa Town,11
1138500,埼玉県上里町,上里町,Kamisato Town,11
1140800,埼玉県寄居町,寄居町,Yorii Town,11
1144200,埼玉県宮代町,宮代町,Miyashiro Town,11
1146400,埼玉県杉戸町,杉戸町,Sugito Town,11
1146500,埼玉県松伏町,松伏町,Matsubushi Town,11
1210000,千葉県千葉市,千葉市,Chiba City,12
1220200,千葉県銚子市,銚子市,Choshi City,12
1220300,千葉県市川市,市川市,Ichikawa City,12
1220400,千葉県船橋市,船橋市,Funabashi City,12
1220500,千葉県館山市,館山市,Tateyama City,12
1220600,千葉県木更津市,木更津市,Kisarazu City,12
1220700,千葉県松戸市,松戸市,Matsudo City,12
1220800,千葉県野田市,野田市,Noda City,12
1221000,千葉県茂原市,茂原市,Mobara City,12
1221100,千葉県成田市,成田市,Narita City,12
1221200,千葉県佐倉市,佐倉市,Sakura City,12
1221300,千葉県東金市,東金市,Togane City,12
1221500,千葉県旭市,旭市,Asahi City,12
1221600,千葉県習志野市,習志野市,Narashino City,12
1221700,千葉県柏市,柏市,Kashiwa City,12
1221800,千葉県勝浦市,勝浦市,Katsuura City,12
1221900,千葉県市原市,市原市,Ichihara City,12
1222000,千葉県流山市,流山市,Nagareyama City,12
1222100,千葉県八千代市,八千代市,Yachiyo City,12
1222200,千葉県我孫子市,我孫子市,Abiko City,12
1222300,千葉県鴨川市,鴨川市,Kamogawa City,12
1222400,千葉県鎌ケ谷市,鎌ケ谷市,Kamagaya City,12
1222500,千葉県君津市,君津市,Kimitsu City,12
1222600,千葉県富津市,富津市,Futtsu City,12
1222700,千葉県浦安市,浦安市,Urayasu City,12
1222800,千葉県四街道市,四街道市,Yotsukaido City,12
1222900,千葉県袖ケ浦市,袖ケ浦市,Sodegaura City,12
1223000,千葉県八街市,八街市,Yachimata City,12
1223100,千葉県印西市,印西市,Inzai City,12
1223200,千葉県白井市,白井市,Shiroi City,12
1223300,千葉県富里市,富里市,Tomisato City,12
1223400,千葉県南房総市,南房総市,Minamiboso City,12
1223500,千葉県匝瑳市,匝瑳市,Sosa City,12
1223600,千葉県香取市,香取市,Katori City,12
1223700,千葉県山武市,山武市,Sammu City,12
1223800,千葉県いすみ市,いすみ市,Isumi City,12
1223900,千葉県大網白里市,大網白里市,Oamishirasato City,12
1232200,千葉県酒々井町,酒々井町,Shisui Town,12
1232900,千葉県栄町,栄町,Sakae Town,12
1234200,千葉県神崎町,神崎町,Kozaki Town,12
1234700,千葉県多古町,多古町,Tako Town,12
1234900,千葉県東庄町,東庄町,Tohnosho Town,12
1240300,千葉県九十九里町,九十九里町,Kujukuri Town,12
1240900,千葉県芝山町,芝山町,Shibayama Town,12
1241000,千葉県横芝光町,横芝光町,Yokoshibahikari Town,12
1242100,千葉県一宮町,一宮町,Ichinomiya Town,12
1242200,千葉県睦沢町,睦沢町,Mutsuzawa Town,12
1242300,千葉県長生村,長生村,Chosei Village,12
1242400,千葉県白子町,白子町,Shirako Town,12
1242600,千葉県長柄町,長柄町,Nagara Town,12
1242700,千葉県長南町,長南町,Chonan Town,12
1244100,千葉県大多喜町,大多喜町,Otaki Town,12
1244300,千葉県御宿町,御宿町,Onjuku Town,12
1246300,千葉県鋸南町,鋸南町,Kyonan Town,12
1310100,東京都千代田区,千代田区,Chiyoda City,13
1310200,東京都中央区,中央区,Chuo City,13
1310300,東京都港区,港区,Minato City,13
1310400,東京都新宿区,新宿区,Shinjuku City,13
1310500,東京都文京区,文京区,Bunkyo City,13
1310600,東京都台東区,台東区,Taito City,13
1310700,東京都墨田区,墨田区,Sumida City,13
1310800,東京都江東区,江東区,Koto City,13
1310900,東京都品川区,品川区,Shinagawa City,13
1311000,東京都目黒区,目黒区,Meguro City,13
1311100,東京都大田区,大田区,Ota City,13
1311200,東京都世田谷区,世田谷区,Setagaya City,13
1311300,東京都渋谷区,渋谷区,Shibuya City,13
1311400,東京都中野区,中野区,Nakano City,13
1311500,東京都杉並区,杉並区,Suginami City,13
1311600,東京都豊島区,豊島区,Toshima City,13
1311700,東京都北区,北区,Kita City,13
1311800,東京都荒川区,荒川区,Arakawa City,13
1311900,東京都板橋区,板橋区,Itabashi City,13
1312000,東京都練馬区,練馬区,Nerima City,13
1312100,東京都足立区,足立区,Adachi City,13
1312200,東京都葛飾区,葛飾区,Katsushika City,13
1312300,東京都江戸川区,江戸川区,Edogawa City,13
1320100,東京都八王子市,八王子市,Hachioji City,13
1320200,東京都立川市,立川市,Tachikawa City,13
1320300,東京都武蔵野市,武蔵野市,Musashino City,13
1320400,東京都三鷹市,三鷹市,Mitaka City,13
1320500,東京都青梅市,青梅市,Ome City,13
1320600,東京都府中市,府中市,Fuchu City,13
1320700,東京都昭島市,昭島市,Akishima City,13
1320800,東京都調布市,調布市,Chofu City,13
1320900,東京都町田市,町田市,Machida City,13
1321000,東京都小金井市,小金井市,Koganei City,13
1321100,東京都小平市,小平市,Kodaira City,13
1321200,東京都日野市,日野市,Hino City,13
1321300,東京都東村山市,東村山市,Higashimurayama City,13
1321400,東京都国分寺市,国分寺市,Kokubunji City,13
1321500,東京都国立市,国立市,Kunitachi City,13
1321800,東京都福生市,福生市,Fussa City,13
1321900,東京都狛江市,狛江市,Komae City,13
1322000,東京都東大和市,東大和市,Higashiyamato City,13
1322100,東京都清瀬市,清瀬市,Kiyose City,13
1322200,東京都東久留米市,東久留米市,Higashikurume City,13
1322300,東京都武蔵村山市,武蔵村山市,Musashimurayama City,13
1322400,東京都多摩市,多摩市,Tama City,13
1322500,東京都稲城市,稲城市,Inagi City,13
1322700,東京都羽村市,羽村市,Hamura City,13
1322800,東京都あきる野市,あきる野市,Akiruno City,13
1322900,東京都西東京市,西東京市,Nishitokyo City,13
1330300,東京都瑞穂町,瑞穂町,Mizuho Town,13
1330500,東京都日の出町,日の出町,Hinode Town,13
1330700,東京都檜原村,檜原村,Hinohara Village,13
1330800,東京都奥多摩町,奥多摩町,Okutama Town,13
1336100,東京都大島町,大島町,Oshima Town,13
1336200,東京都利島村,利島村,Toshima Village,13
1336300,東京都新島村,新島村,Niijima Village,13
1336400,東京都神津島村,神津島村,Kouzushima Village,13
1338100,東京都三宅村,三宅村,Miyake Village,13
1338200,東京都御蔵島村,御蔵島村,Mikurashima Village,13
1340100,東京都八丈町,八丈町,Hachijo Town,13
1340200,東京都青ヶ島村,青ヶ島村,Aogashima Village,13
1342100,東京都小笠原村,小笠原村,Ogasawara Village,13
1410000,神奈川県横浜市,横浜市,Yokohama City,14
1410011,神奈川県横浜市のうち鶴見区、神奈川区、旭区、港北区、緑区、青葉区、都筑区、泉区及び瀬谷区,横浜市北部,Northern Yokohama City,14
1410012,神奈川県横浜市のうち西区、中区、南区、港南区、保土ケ谷区、磯子区、金沢区、栄区及び戸塚区,横浜市南部,Southern Yokohama City,14
1413000,神奈川県川崎市,川崎市,Kawasaki City,14
1415000,神奈川県相模原市,相模原市,Sagamihara City,14
1415011,神奈川県相模原市のうち緑区,相模原市西部,Western Sagamihara City,14
1415012,神奈川県相模原市のうち中央区及び南区,相模原市東部,Eastern Sagamihara City,14
1420100,神奈川県横須賀市,横須賀市,Yokosuka City,14
1420300,神奈川県平塚市,平塚市,Hiratsuka City,14
1420400,神奈川県鎌倉市,鎌倉市,Kamakura City,14
1420500,神奈川県藤沢市,藤沢市,Fujisawa City,14
1420600,神奈川県小田原市,小田原市,Odawara City,14
1420700,神奈川県茅ヶ崎市,茅ヶ崎市,Chigasaki City,14
1420800,神奈川県逗子市,逗子市,Zushi City,14
1421000,神奈川県三浦市,三浦市,Miura City,14
1421100,神奈川県秦野市,秦野市,Hadano City,14
1421200,神奈川県厚木市,厚木市,Atsugi City,14
1421300,神奈川県大和市,大和市,Yamato City,14
1421400,神奈川県伊勢原市,伊勢原市,Isehara City,14
1421500,神奈川県海老名市,海老名市,Ebina City,14
1421600,神奈川県座間市,座間市,Zama City,14
1421700,神奈川県南足柄市,南足柄市,Minamiashigara City,14
1421800,神奈川県綾瀬市,綾瀬市,Ayase City,14
1430100,神奈川県葉山町,葉山町,Hayama Town,14
1432100,神奈川県寒川町,寒川町,Samukawa Town,14
1434100,神奈川県大磯町,大磯町,Oiso Town,14
1434200,神奈川県二宮町,二宮町,Ninomiya Town,14
1436100,神奈川県中井町,中井町,Nakai Town,14
1436200,神奈川県大井町,大井町,Oi Town,14
1436300,神奈川県松田町,松田町,Matsuda Town,14
1436400,神奈川県山北町,山北町,Yamakita Town,14
1436600,神奈川県開成町,開成町,Kaisei Town,14
1438200,神奈川県箱根町,箱根町,Hakone Town,14
1438300,神奈川県真鶴町,真鶴町,Manazuru Town,14
1438400,神奈川県湯河原町,湯河原町,Yugawara Town,14
1440100,神奈川県愛川町,愛川町,Aikawa Town,14
1440200,神奈川県清川村,清川村,Kiyokawa Village,14
1510000,新潟県新潟市,新潟市,Niigata City,17
1520200,新潟県長岡市,長岡市,Nagaoka City,17
1520400,新潟県三条市,三条市,Sanjo City,17
1520500,新潟県柏崎市,柏崎市,Kashiwazaki City,17
1520600,新潟県新発田市,新発田市,Shibata City,17
1520800,新潟県小千谷市,小千谷市,Ojiya City,17
1520900,新潟県加茂市,加茂市,Kamo City,17
1521000,新潟県十日町市,十日町市,Tokamachi City,17
1521100,新潟県見附市,見附市,Mitsuke City,17
1521200,新潟県村上市,村上市,Murakami City,17
1521300,新潟県燕市,燕市,Tsubame City,17
1521600,新潟県糸魚川市,糸魚川市,Itoigawa City,17
1521700,新潟県妙高市,妙高市,Myoko City,17
1521800,新潟県五泉市,五泉市,Gosen City,17
1522200,新潟県上越市,上越市,Joetsu City,17
1522300,新潟県阿賀野市,阿賀野市,Agano City,17
1522400,新潟県佐渡市,佐渡市,Sado City,17
1522500,新潟県魚沼市,魚沼市,Uonuma City,17
1522600,新潟県南魚沼市,南魚沼市,Minamiuonuma City,17
1522700,新潟県胎内市,胎内市,Tainai City,17
1530700,新潟県聖籠町,聖籠町,Seiro Town,17
1534200,新潟県弥彦村,弥彦村,Yahiko Village,17
1536100,新潟県田上町,田上町,Tagami Town,17
1538500,新潟県阿賀町,阿賀町,Aga Town,17
1540500,新潟県出雲崎町,出雲崎町,Izumozaki Town,17
1546100,新潟県湯沢町,湯沢町,Yuzawa Town,17
1548200,新潟県津南町,津南町,Tsunan Town,17
1550400,新潟県刈羽村,刈羽村,Kariwa Village,17
1558100,新潟県関川村,関川村,Sekikawa Village,17
1558600,新潟県粟島浦村,粟島浦村,Awashimaura Village,17
1620100,富山県富山市,富山市,Toyama City,18
1620111,富山県富山市のうち富山市山間部東及び富山市山間部西の区域を除く区域,富山市平地,Plain Area of Toyama City,18
1620112,富山県富山市のうち大沢野総合行政センター及び大山総合行政センター管内,富山市山間部東,Eastern mountains Region of Toyama City ,18
1620113,富山県富山市のうち八尾総合行政センター、山田総合行政センター及び細入総合行政センター管内,富山市山間部西,Western mountains Region of Toyama City ,18
1620200,富山県高岡市,高岡市,Takaoka City,18
1620400,富山県魚津市,魚津市,Uozu City,18
1620500,富山県氷見市,氷見市,Himi City,18
1620600,富山県滑川市,滑川市,Namerikawa City,18
1620700,富山県黒部市,黒部市,Kurobe City,18
1620800,富山県砺波市,砺波市,Tonami City,18
1620900,富山県小矢部市,小矢部市,Oyabe City,18
1621000,富山県南砺市,南砺市,Nanto City,18
1621100,富山県射水市,射水市,Imizu City,18
1632100,富山県舟橋村,舟橋村,Funahashi Village,18
1632200,富山県上市町,上市町,Kamiichi Town,18
1632300,富山県立山町,立山町,Tateyama Town,18
1634200,富山県入善町,入善町,Nyuzen Town,18
1634300,富山県朝日町,朝日町,Asahi Town,18
1720100,石川県金沢市,金沢市,Kanazawa City,19
1720200,石川県七尾市,七尾市,Nanao City,19
1720300,石川県小松市,小松市,Komatsu City,19
1720400,石川県輪島市,輪島市,Wajima City,19
1720500,石川県珠洲市,珠洲市,Suzu City,19
1720600,石川県加賀市,加賀市,Kaga City,19
1720700,石川県羽咋市,羽咋市,Hakui City,19
1720900,石川県かほく市,かほく市,Kahoku City,19
1721000,石川県白山市,白山市,Hakusan City,19
1721100,石川県能美市,能美市,Nomi City,19
1721200,石川県野々市市,野々市市,Nonoichi City,19
1732400,石川県川北町,川北町,Kawakita Town,19
1736100,石川県津幡町,津幡町,Tsubata Town,19
1736500,石川県内灘町,内灘町,Uchinada Town,19
1738400,石川県志賀町,志賀町,Shika Town,19
1738600,石川県宝達志水町,宝達志水町,Hodatsushimizu Town,19
1740700,石川県中能登町,中能登町,Nakanoto Town,19
1746100,石川県穴水町,穴水町,Anamizu Town,19
1746300,石川県能登町,能登町,Noto Town,19
1820100,福井県福井市,福井市,Fukui City,20
1820200,福井県敦賀市,敦賀市,Tsuruga City,20
1820400,福井県小浜市,小浜市,Obama City,20
1820500,福井県大野市,大野市,Ono City,20
1820600,福井県勝山市,勝山市,Katsuyama City,20
1820700,福井県鯖江市,鯖江市,Sabae City,20
1820800,福井県あわら市,あわら市,Awara City,20
1820900,福井県越前市,越前市,Echizen City,20
1821000,福井県坂井市,坂井市,Sakai City,20
1832200,福井県永平寺町,永平寺町,Eiheiji Town,20
1838200,福井県池田町,池田町,Ikeda Town,20
1840400,福井県南越前町,南越前町,Minamiechizen Town,20
1842300,福井県越前町,越前町,Echizen Town,20
1844200,福井県美浜町,美浜町,Mihama Town,20
1848100,福井県高浜町,高浜町,Takahama Town,20
1848300,福井県おおい町,おおい町,Ohi Town,20
1850100,福井県若狭町,若狭町,Wakasa Town,20
1920100,山梨県甲府市,甲府市,Kofu City,15
1920200,山梨県富士吉田市,富士吉田市,Fujiyoshida City,15
1920400,山梨県都留市,都留市,Tsuru City,15
1920500,山梨県山梨市,山梨市,Yamanashi City,15
1920600,山梨県大月市,大月市,Otsuki City,15
1920700,山梨県韮崎市,韮崎市,Nirasaki City,15
1920800,山梨県南アルプス市,南アルプス市,Minamialps City,15
1920900,山梨県北杜市,北杜市,Hokuto City,15
1921000,山梨県甲斐市,甲斐市,Kai City,15
1921100,山梨県笛吹市,笛吹市,Fuefuki City,15
1921200,山梨県上野原市,上野原市,Uenohara City,15
1921300,山梨県甲州市,甲州市,Koshu City,15
1921400,山梨県中央市,中央市,Chuo City,15
1934600,山梨県市川三郷町,市川三郷町,Ichikawamisato Town,15
1936400,山梨県早川町,早川町,Hayakawa Town,15
1936500,山梨県身延町,身延町,Minobu Town,15
1936600,山梨県南部町,南部町,Nambu Town,15
1936800,山梨県富士川町,富士川町,Fujikawa Town,15
1938400,山梨県昭和町,昭和町,Showa Town,15
1942200,山梨県道志村,道志村,Doshi Village,15
1942300,山梨県西桂町,西桂町,Nishikatsura Town,15
1942400,山梨県忍野村,忍野村,Oshino Village,15
1942500,山梨県山中湖村,山中湖村,Yamanakako Village,15
1942900,山梨県鳴沢村,鳴沢村,Narusawa Village,15
1943000,山梨県富士河口湖町,富士河口湖町,Fujikawaguchiko Town,15
1944200,山梨県小菅村,小菅村,Kosuge Village,15
1944300,山梨県丹波山村,丹波山村,Tabayama Village,15
2020100,長野県長野市,長野市,Nagano City,16
2020111,長野県長野市のうち鬼無里戸隠の区域を除く区域,長野,"Nagano, Nagano City",16
2020112,長野県長野市のうち鬼無里支所及び戸隠支所管内,鬼無里戸隠,"Kinasatogakushi, Nagano City",16
2020200,長野県松本市,松本市,Matsumoto City,16
2020201,気象庁予報警報規程別表第四の二に示す「松本」の区域,松本,"Matsumoto, Matsumoto City",16
2020202,気象庁予報警報規程別表第四の二に示す「乗鞍上高地」の区域,乗鞍上高地,"Norikura-Kamikochi, Matsumoto City",16
2020300,長野県上田市,上田市,Ueda City,16
2020400,長野県岡谷市,岡谷市,Okaya City,16
2020500,長野県飯田市,飯田市,Iida City,16
2020511,長野県飯田市のうち上村南信濃の区域を除く区域,飯田,"Iida, Iida City",16
2020512,長野県飯田市のうち上村自治振興センター及び南信濃自治振興センター管内 ,上村南信濃,"Kamimura-Miminamishinano, Iida City",16
2020600,長野県諏訪市,諏訪市,Suwa City,16
2020700,長野県須坂市,須坂市,Suzaka City,16
2020800,長野県小諸市,小諸市,Komoro City,16
2020900,長野県伊那市,伊那市,Ina City,16
2020911,長野県伊那市のうち長谷の区域を除く区域,伊那,"Ina, Ina City",16
2020912,長野県伊那市のうち長谷総合支所管内,長谷,"Hase, Ina City",16
2021000,長野県駒ヶ根市,駒ヶ根市,Komagane City,16
2021100,長野県中野市,中野市,Nakano City,16
2021200,長野県大町市,大町市,Omachi City,16
2021300,長野県飯山市,飯山市,Iiyama City,16
2021400,長野県茅野市,茅野市,Chino City,16
2021500,長野県塩尻市,塩尻市,Shiojiri City,16
2021501,気象庁予報警報規程別表第四の二に示す「塩尻」の区域,塩尻,"Shiojiri, Shiojiri City",16
2021502,気象庁予報警報規程別表第四の二に示す「楢川」の区域,楢川,"Narakawa, Shiojiri City",16
2021700,長野県佐久市,佐久市,Saku City,16
2021800,長野県千曲市,千曲市,Chikuma City,16
2021900,長野県東御市,東御市,Tomi City,16
2022000,長野県安曇野市,安曇野市,Azumino City,16
2030300,長野県小海町,小海町,Koumi Town,16
2030400,長野県川上村,川上村,Kawakami Village,16
2030500,長野県南牧村,南牧村,Minamimaki Village,16
2030600,長野県南相木村,南相木村,Minamiaiki Village,16
2030700,長野県北相木村,北相木村,Kitaaiki Village,16
2030900,長野県佐久穂町,佐久穂町,Sakuho Town,16
2032100,長野県軽井沢町,軽井沢町,Karuizawa Town,16
2032300,長野県御代田町,御代田町,Miyota Town,16
2032400,長野県立科町,立科町,Tateshina Town,16
2034900,長野県青木村,青木村,Aoki Village,16
2035000,長野県長和町,長和町,Nagawa Town,16
2036100,長野県下諏訪町,下諏訪町,Shimosuwa Town,16
2036200,長野県富士見町,富士見町,Fujimi Town,16
2036300,長野県原村,原村,Hara Village,16
2038200,長野県辰野町,辰野町,Tatsuno Town,16
2038300,長野県箕輪町,箕輪町,Minowa Town,16
2038400,長野県飯島町,飯島町,Iijima Town,16
2038500,長野県南箕輪村,南箕輪村,Minamiminowa Village,16
2038600,長野県中川村,中川村,Nakagawa Village,16
2038800,長野県宮田村,宮田村,Miyada Village,16
2040200,長野県松川町,松川町,Matsukawa Town,16
2040300,長野県高森町,高森町,Takamori Town,16
2040400,長野県阿南町,阿南町,Anan Town,16
2040700,長野県阿智村,阿智村,Achi Village,16
2040900,長野県平谷村,平谷村,Hiraya Village,16
2041000,長野県根羽村,根羽村,Neba Village,16
2041100,長野県下條村,下條村,Shimojo Village,16
2041200,長野県売木村,売木村,Urugi Village,16
2041300,長野県天龍村,天龍村,Tenryu Village,16
2041400,長野県泰阜村,泰阜村,Yasuoka Village,16
2041500,長野県喬木村,喬木村,Takagi Village,16
2041600,長野県豊丘村,豊丘村,Toyooka Village,16
2041700,長野県大鹿村,大鹿村,Oshika Village,16
2042200,長野県上松町,上松町,Agematsu Town,16
2042300,長野県南木曽町,南木曽町,Nagiso Town,16
2042500,長野県木祖村,木祖村,Kiso Village,16
2042900,長野県王滝村,王滝村,Otaki Village,16
2043000,長野県大桑村,大桑村,Okuwa Village,16
2043200,長野県木曽町,木曽町,Kiso Town,16
2044600,長野県麻績村,麻績村,Omi Village,16
2044800,長野県生坂村,生坂村,Ikusaka Village,16
2045000,長野県山形村,山形村,Yamagata Village,16
2045100,長野県朝日村,朝日村,Asahi Village,16
2045200,長野県筑北村,筑北村,Chikuhoku Village,16
2048100,長野県池田町,池田町,Ikeda Town,16
2048200,長野県松川村,松川村,Matsukawa Village,16
2048500,長野県白馬村,白馬村,Hakuba Village,16
2048600,長野県小谷村,小谷村,Otari Village,16
2052100,長野県坂城町,坂城町,Sakaki Town,16
2054100,長野県小布施町,小布施町,Obuse Town,16
2054300,長野県高山村,高山村,Takayama Village,16
2056100,長野県山ノ内町,山ノ内町,Yamanouchi Town,16
2056200,長野県木島平村,木島平村,Kijimadaira Village,16
2056300,長野県野沢温泉村,野沢温泉村,Nozawaonsen Village,16
2058300,長野県信濃町,信濃町,Shinano Town,16
2058800,長野県小川村,小川村,Ogawa Village,16
2059000,長野県飯綱町,飯綱町,Iizuna Town,16
2060200,長野県栄村,栄村,Sakae Village,16
2120100,岐阜県岐阜市,岐阜市,Gifu City,21
2120200,岐阜県大垣市,大垣市,Ogaki City,21
2120300,岐阜県高山市,高山市,Takayama City,21
2120400,岐阜県多治見市,多治見市,Tajimi City,21
2120500,岐阜県関市,関市,Seki City,21
2120600,岐阜県中津川市,中津川市,Nakatsugawa City,21
2120700,岐阜県美濃市,美濃市,Mino City,21
2120800,岐阜県瑞浪市,瑞浪市,Mizunami City,21
2120900,岐阜県羽島市,羽島市,Hashima City,21
2121000,岐阜県恵那市,恵那市,Ena City,21
2121100,岐阜県美濃加茂市,美濃加茂市,Minokamo City,21
2121200,岐阜県土岐市,土岐市,Toki City,21
2121300,岐阜県各務原市,各務原市,Kakamigahara City,21
2121400,岐阜県可児市,可児市,Kani City,21
2121500,岐阜県山県市,山県市,Yamagata City,21
2121600,岐阜県瑞穂市,瑞穂市,Mizuho City,21
2121700,岐阜県飛騨市,飛騨市,Hida City,21
2121800,岐阜県本巣市,本巣市,Motosu City,21
2121900,岐阜県郡上市,郡上市,Gujo City,21
2122000,岐阜県下呂市,下呂市,Gero City,21
2122100,岐阜県海津市,海津市,Kaizu City,21
2130200,岐阜県岐南町,岐南町,Ginan Town,21
2130300,岐阜県笠松町,笠松町,Kasamatsu Town,21
2134100,岐阜県養老町,養老町,Yoro Town,21
2136100,岐阜県垂井町,垂井町,Tarui Town,21
2136200,岐阜県関ケ原町,関ケ原町,Sekigahara Town,21
2138100,岐阜県神戸町,神戸町,Godo Town,21
2138200,岐阜県輪之内町,輪之内町,Wanouchi Town,21
2138300,岐阜県安八町,安八町,Ampachi Town,21
2140100,岐阜県揖斐川町,揖斐川町,Ibigawa Town,21
2140300,岐阜県大野町,大野町,Ono Town,21
2140400,岐阜県池田町,池田町,Ikeda Town,21
2142100,岐阜県北方町,北方町,Kitagata Town,21
2150100,岐阜県坂祝町,坂祝町,Sakahogi Town,21
2150200,岐阜県富加町,富加町,Tomika Town,21
2150300,岐阜県川辺町,川辺町,Kawabe Town,21
2150400,岐阜県七宗町,七宗町,Hichiso Town,21
2150500,岐阜県八百津町,八百津町,Yaotsu Town,21
2150600,岐阜県白川町,白川町,Shirakawa Town,21
2150700,岐阜県東白川村,東白川村,Higashishirakawa Village,21
2152100,岐阜県御嵩町,御嵩町,Mitake Town,21
2160400,岐阜県白川村,白川村,Shirakawa Village,21
2210000,静岡県静岡市,静岡市,Shizuoka City,22
2210001,気象庁予報警報規程別表第四の二に示す「静岡市南部」の区域,静岡市南部,Southern Shizuoka City,22
2210002,気象庁予報警報規程別表第四の二に示す「静岡市北部」の区域,静岡市北部,Northern Shizuoka City,22
2213000,静岡県浜松市,浜松市,Hamamatsu City,22
2213001,気象庁予報警報規程別表第四の二に示す「浜松市南部」の区域,浜松市南部,Southern Hamamatsu City,22
2213002,気象庁予報警報規程別表第四の二に示す「浜松市北部」の区域,浜松市北部,Northern Hamamatsu City,22
2220300,静岡県沼津市,沼津市,Numazu City,22
2220500,静岡県熱海市,熱海市,Atami City,22
2220600,静岡県三島市,三島市,Mishima City,22
2220700,静岡県富士宮市,富士宮市,Fujinomiya City,22
2220800,静岡県伊東市,伊東市,Ito City,22
2220900,静岡県島田市,島田市,Shimada City,22
2221000,静岡県富士市,富士市,Fuji City,22
2221100,静岡県磐田市,磐田市,Iwata City,22
2221200,静岡県焼津市,焼津市,Yaizu City,22
2221300,静岡県掛川市,掛川市,Kakegawa City,22
2221400,静岡県藤枝市,藤枝市,Fujieda City,22
2221500,静岡県御殿場市,御殿場市,Gotemba City,22
2221600,静岡県袋井市,袋井市,Fukuroi City,22
2221900,静岡県下田市,下田市,Shimoda City,22
2222000,静岡県裾野市,裾野市,Susono City,22
2222100,静岡県湖西市,湖西市,Kosai City,22
2222200,静岡県伊豆市,伊豆市,Izu City,22
2222300,静岡県御前崎市,御前崎市,Omaezaki City,22
2222400,静岡県菊川市,菊川市,Kikugawa City,22
2222500,静岡県伊豆の国市,伊豆の国市,Izunokuni City,22
2222600,静岡県牧之原市,牧之原市,Makinohara City,22
2230100,静岡県東伊豆町,東伊豆町,Higashiizu Town,22
2230200,静岡県河津町,河津町,Kawazu Town,22
2230400,静岡県南伊豆町,南伊豆町,Miamiizu Town,22
2230500,静岡県松崎町,松崎町,Matsuzaki Town,22
2230600,静岡県西伊豆町,西伊豆町,Nishiizu Town,22
2232500,静岡県函南町,函南町,Kannami Town,22
2234100,静岡県清水町,清水町,Shimizu Town,22
2234200,静岡県長泉町,長泉町,Nagaizumi Town,22
2234400,静岡県小山町,小山町,Oyama Town,22
2242400,静岡県吉田町,吉田町,Yoshida Town,22
2242900,静岡県川根本町,川根本町,Kawanehoncho Town,22
2246100,静岡県森町,森町,Mori Town,22
2310000,愛知県名古屋市,名古屋市,Nagoya City,23
2320100,愛知県豊橋市,豊橋市,Toyohashi City,23
2320200,愛知県岡崎市,岡崎市,Okazaki City,23
2320300,愛知県一宮市,一宮市,Ichinomiya City,23
2320400,愛知県瀬戸市,瀬戸市,Seto City,23
2320500,愛知県半田市,半田市,Handa City,23
2320600,愛知県春日井市,春日井市,Kasugai City,23
2320700,愛知県豊川市,豊川市,Toyokawa City,23
2320800,愛知県津島市,津島市,Tsushima City,23
2320900,愛知県碧南市,碧南市,Hekinan City,23
2321000,愛知県刈谷市,刈谷市,Kariya City,23
2321100,愛知県豊田市,豊田市,Toyota City,23
2321101,気象庁予報警報規程別表第四の二に示す「豊田市西部」の区域,豊田市西部,Western Toyota City,23
2321102,気象庁予報警報規程別表第四の二に示す「豊田市東部」の区域,豊田市東部,Eastern Toyota City,23
2321200,愛知県安城市,安城市,Anjo City,23
2321300,愛知県西尾市,西尾市,Nishio City,23
2321400,愛知県蒲郡市,蒲郡市,Gamagori City,23
2321500,愛知県犬山市,犬山市,Inuyama City,23
2321600,愛知県常滑市,常滑市,Tokoname City,23
2321700,愛知県江南市,江南市,Konan City,23
2321900,愛知県小牧市,小牧市,Komaki City,23
2322000,愛知県稲沢市,稲沢市,Inazawa City,23
2322100,愛知県新城市,新城市,Shinshiro City,23
2322200,愛知県東海市,東海市,Tokai City,23
2322300,愛知県大府市,大府市,Obu City,23
2322400,愛知県知多市,知多市,Chita City,23
2322500,愛知県知立市,知立市,Chiryu City,23
2322600,愛知県尾張旭市,尾張旭市,Owariasahi City,23
2322700,愛知県高浜市,高浜市,Takahama City,23
2322800,愛知県岩倉市,岩倉市,Iwakura City,23
2322900,愛知県豊明市,豊明市,Toyoake City,23
2323000,愛知県日進市,日進市,Nisshin City,23
2323100,愛知県田原市,田原市,Tahara City,23
2323200,愛知県愛西市,愛西市,Aisai City,23
2323300,愛知県清須市,清須市,Kiyosu City,23
2323400,愛知県北名古屋市,北名古屋市,Kitanagoya City,23
2323500,愛知県弥富市,弥富市,Yatomi City,23
2323600,愛知県みよし市,みよし市,Miyoshi City,23
2323700,愛知県あま市,あま市,Ama City,23
2323800,愛知県長久手市,長久手市,Nagakute City,23
2330200,愛知県東郷町,東郷町,Togo Town,23
2334200,愛知県豊山町,豊山町,Toyoyama Town,23
2336100,愛知県大口町,大口町,Oguchi Town,23
2336200,愛知県扶桑町,扶桑町,Fuso Town,23
2342400,愛知県大治町,大治町,Oharu Town,23
2342500,愛知県蟹江町,蟹江町,Kanie Town,23
2342700,愛知県飛島村,飛島村,Tobishima Village,23
2344100,愛知県阿久比町,阿久比町,Agui Town,23
2344200,愛知県東浦町,東浦町,Higashiura Town,23
2344500,愛知県南知多町,南知多町,Minamichita Town,23
2344600,愛知県美浜町,美浜町,Mihama Town,23
2344700,愛知県武豊町,武豊町,Taketoyo Town,23
2350100,愛知県幸田町,幸田町,Kota Town,23
2356100,愛知県設楽町,設楽町,Shitara Town,23
2356200,愛知県東栄町,東栄町,Toei Town,23
2356300,愛知県豊根村,豊根村,Toyone Village,23
2420100,三重県津市,津市,Tsu City,24
2420111,三重県津市のうち津市中西部の区域を除く区域,津市東部,Eastern Tsu City,24
2420112,三重県津市のうち久居総合支所、芸濃総合支所、美里総合支所、安濃総合支所、一志総合支所、白山総合支所及び美杉総合支所管内,津市中西部,Midwestern Tsu City ,24
2420200,三重県四日市市,四日市市,Yokkaichi City,24
2420300,三重県伊勢市,伊勢市,Ise City,24
2420400,三重県松阪市,松阪市,Matsusaka City,24
2420411,三重県松阪市のうち松阪市西部の区域を除く区域,松阪市東部,Eastern Matsusaka City,24
2420412,三重県松阪市のうち飯南地域振興局及び飯高地域振興局管内,松阪市西部,Western Matsusaka City,24
2420500,三重県桑名市,桑名市,Kuwana City,24
2420700,三重県鈴鹿市,鈴鹿市,Suzuka City,24
2420800,三重県名張市,名張市,Nabari City,24
2420900,三重県尾鷲市,尾鷲市,Owase City,24
2421000,三重県亀山市,亀山市,Kameyama City,24
2421100,三重県鳥羽市,鳥羽市,Toba City,24
2421200,三重県熊野市,熊野市,Kumano City,24
2421400,三重県いなべ市,いなべ市,Inabe City,24
2421500,三重県志摩市,志摩市,Shima City,24
2421600,三重県伊賀市,伊賀市,Iga City,24
2430300,三重県木曽岬町,木曽岬町,Kisosaki Town,24
2432400,三重県東員町,東員町,Toin Town,24
2434100,三重県菰野町,菰野町,Komono Town,24
2434300,三重県朝日町,朝日町,Asahi Town,24
2434400,三重県川越町,川越町,Kawagoe Town,24
2444100,三重県多気町,多気町,Taki Town,24
2444200,三重県明和町,明和町,Meiwa Town,24
2444300,三重県大台町,大台町,Odai Town,24
2446100,三重県玉城町,玉城町,Tamaki Town,24
2447000,三重県度会町,度会町,Watarai Town,24
2447100,三重県大紀町,大紀町,Taiki Town,24
2447200,三重県南伊勢町,南伊勢町,Minamiise Town,24
2454300,三重県紀北町,紀北町,Kihoku Town,24
2456100,三重県御浜町,御浜町,Mihama Town,24
2456200,三重県紀宝町,紀宝町,Kiho Town,24
2520100,滋賀県大津市,大津市,Otsu City,25
2520101,気象庁予報警報規程別表第四の二に示す「大津市南部」の区域,大津市南部,Southern Otsu City,25
2520102,気象庁予報警報規程別表第四の二に示す「大津市北部」の区域,大津市北部,Northern Otsu City,25
2520200,滋賀県彦根市,彦根市,Hikone City,25
2520300,滋賀県長浜市,長浜市,Nagahama City,25
2520400,滋賀県近江八幡市,近江八幡市,Omihachiman City,25
2520600,滋賀県草津市,草津市,Kusatsu City,25
2520700,滋賀県守山市,守山市,Moriyama City,25
2520800,滋賀県栗東市,栗東市,Ritto City,25
2520900,滋賀県甲賀市,甲賀市,Koka City,25
2521000,滋賀県野洲市,野洲市,Yasu City,25
2521100,滋賀県湖南市,湖南市,Konan City,25
2521200,滋賀県高島市,高島市,Takashima City,25
2521300,滋賀県東近江市,東近江市,Higashiomi City,25
2521400,滋賀県米原市,米原市,Maibara City,25
2538300,滋賀県日野町,日野町,Hino Town,25
2538400,滋賀県竜王町,竜王町,Ryuoh Town,25
2542500,滋賀県愛荘町,愛荘町,Aisho Town,25
2544100,滋賀県豊郷町,豊郷町,Toyosato Town,25
2544200,滋賀県甲良町,甲良町,Kora Town,25
2544300,滋賀県多賀町,多賀町,Taga Town,25
2610000,京都府京都市,京都市,Kyoto City,26
2610100,京都府京都市のうち北区,京都市北区,Kita Ward,26
2610200,京都府京都市のうち上京区,京都市上京区,Kamigyo Ward,26
2610300,京都府京都市のうち左京区,京都市左京区,Sakyo Ward,26
2610400,京都府京都市のうち中京区,京都市中京区,Nakagyo Ward,26
2610500,京都府京都市のうち東山区,京都市東山区,Higashiyama Ward,26
2610600,京都府京都市のうち下京区,京都市下京区,Shimogyo Ward,26
2610700,京都府京都市のうち南区,京都市南区,Minami Ward,26
2610800,京都府京都市のうち右京区,京都市右京区,Ukyo Ward,26
2610900,京都府京都市のうち伏見区,京都市伏見区,Fushimi Ward,26
2611000,京都府京都市のうち山科区,京都市山科区,Yamashina Ward,26
2611100,京都府京都市のうち西京区,京都市西京区,Nishikyo Ward,26
2620100,京都府福知山市,福知山市,Fukuchiyama City,26
2620111,京都府福知山市のうち福知山市三和町、福知山市夜久野町、福知山市大江町の区域を除く区域,福知山市旧福知山市域,"Kyu-Fukuchiyama City Area, Fukuchiyama City",26
2620112,京都府福知山市のうち三和支所管内,福知山市三和町,"Miwacho, Fukuchiyama City",26
2620113,京都府福知山市のうち夜久野支所管内,福知山市夜久野町,"Yakunocho, Fukuchiyama City",26
2620114,京都府福知山市のうち大江支所管内,福知山市大江町,"Oecho, Fukuchiyama City",26
2620200,京都府舞鶴市,舞鶴市,Maizuru City,26
2620300,京都府綾部市,綾部市,Ayabe City,26
2620400,京都府宇治市,宇治市,Uji City,26
2620500,京都府宮津市,宮津市,Miyazu City,26
2620600,京都府亀岡市,亀岡市,Kameoka City,26
2620700,京都府城陽市,城陽市,Joyo City,26
2620800,京都府向日市,向日市,Muko City,26
2620900,京都府長岡京市,長岡京市,Nagaokakyo City,26
2621000,京都府八幡市,八幡市,Yawata City,26
2621100,京都府京田辺市,京田辺市,Kyotanabe City,26
2621200,京都府京丹後市,京丹後市,Kyotango City,26
2621211,京都府京丹後市のうち峰山市民局管内,京丹後市峰山町,"Mineyamacho, Kyotango City",26
2621212,京都府京丹後市のうち大宮市民局管内,京丹後市大宮町,"Omiyacho, Kyotango City",26
2621213,京都府京丹後市のうち網野市民局管内,京丹後市網野町,"Aminocho, Kyotango City",26
2621214,京都府京丹後市のうち丹後市民局管内,京丹後市丹後町,"Tangocho, Kyotango City",26
2621215,京都府京丹後市のうち弥栄市民局管内,京丹後市弥栄町,"Yasakacho, Kyotango City",26
2621216,京都府京丹後市のうち久美浜市民局管内,京丹後市久美浜町,"Kumihamacho, Kyotango City",26
2621300,京都府南丹市,南丹市,Nantan City,26
2621311,京都府南丹市のうち美山支所管内,南丹市美山町,"Miyamacho, Nantan City",26
2621312,京都府南丹市のうち南丹市美山町、南丹市八木町及び南丹市日吉町の区域を除く区域,南丹市園部町,"Sonobecho, Nantan City",26
2621313,京都府南丹市のうち八木支所管内,南丹市八木町,"Yagicho, Nantan City",26
2621314,京都府南丹市のうち日吉支所管内,南丹市日吉町,"Hiyoshicho, Nantan City",26
2621400,京都府木津川市,木津川市,Kizugawa City,26
2621411,京都府木津川市のうち山城支所管内,木津川市山城町,"Yamashirocho, Kizugawa City",26
2621412,京都府木津川市のうち木津川市山城町及び木津川市加茂町の区域を除く区域,木津川市木津町,"Kizumachi, Kizugawa City",26
2621413,京都府木津川市のうち加茂支所管内,木津川市加茂町,"Kamocho, Kizugawa City",26
2630300,京都府大山崎町,大山崎町,Oyamazaki Town,26
2632200,京都府久御山町,久御山町,Kumiyama Town,26
2634300,京都府井手町,井手町,Ide Town,26
2634400,京都府宇治田原町,宇治田原町,Ujitawara Town,26
2636400,京都府笠置町,笠置町,Kasagi Town,26
2636500,京都府和束町,和束町,Wazuka Town,26
2636600,京都府精華町,精華町,Seika Town,26
2636700,京都府南山城村,南山城村,Minamiyamashiro Village,26
2640700,京都府京丹波町,京丹波町,Kyotamba Town,26
2640711,京都府京丹波町のうち京丹波町旧瑞穂町及び京丹波町旧和知町の区域を除く区域,京丹波町旧丹波町,"Kyu-Tambacho,  Kyotamba Town",26
2640712,京都府京丹波町のうち瑞穂支所管内,京丹波町旧瑞穂町,"Kyu-Mizuhocho,  Kyotamba Town",26
2640713,京都府京丹波町のうち和知支所管内,京丹波町旧和知町,"Kyu-Wachicho,  Kyotamba Town",26
2646300,京都府伊根町,伊根町,Ine Town,26
2646500,京都府与謝野町,与謝野町,Yosano Town,26
2646511,京都府与謝野町のうち明石、温江、後野、香河、金屋、加悦、加悦奥、算所、滝及び与謝,与謝野町旧加悦町,"Kyu-Kayacho,  Yosano Town",26
2646512,京都府与謝野町のうち岩滝、男山及び弓木,与謝野町旧岩滝町,"Kyu-Iwatakicho,  Yosano Town",26
2646513,京都府与謝野町のうち幾地、石川、岩屋、上山田、下山田、三河内及び四辻,与謝野町旧野田川町,"Kyu-Nodagawacho,  Yosano Town",26
2710000,大阪府大阪市,大阪市,Osaka City,27
2714000,大阪府堺市,堺市,Sakai City,27
2720200,大阪府岸和田市,岸和田市,Kishiwada City,27
2720300,大阪府豊中市,豊中市,Toyonaka City,27
2720400,大阪府池田市,池田市,Ikeda City,27
2720500,大阪府吹田市,吹田市,Suita City,27
2720600,大阪府泉大津市,泉大津市,Izumiotsu City,27
2720700,大阪府高槻市,高槻市,Takatsuki City,27
2720800,大阪府貝塚市,貝塚市,Kaizuka City,27
2720900,大阪府守口市,守口市,Moriguchi City,27
2721000,大阪府枚方市,枚方市,Hirakata City,27
2721100,大阪府茨木市,茨木市,Ibaraki City,27
2721200,大阪府八尾市,八尾市,Yao City,27
2721300,大阪府泉佐野市,泉佐野市,Izumisano City,27
2721400,大阪府富田林市,富田林市,Tondabayashi City,27
2721500,大阪府寝屋川市,寝屋川市,Neyagawa City,27
2721600,大阪府河内長野市,河内長野市,Kawachinagano City,27
2721700,大阪府松原市,松原市,Matsubara City,27
2721800,大阪府大東市,大東市,Daito City,27
2721900,大阪府和泉市,和泉市,Izumi City,27
2722000,大阪府箕面市,箕面市,Minoh City,27
2722100,大阪府柏原市,柏原市,Kashiwara City,27
2722200,大阪府羽曳野市,羽曳野市,Habikino City,27
2722300,大阪府門真市,門真市,Kadoma City,27
2722400,大阪府摂津市,摂津市,Settsu City,27
2722500,大阪府高石市,高石市,Takaishi City,27
2722600,大阪府藤井寺市,藤井寺市,Fujiidera City,27
2722700,大阪府東大阪市,東大阪市,Higashiosaka City,27
2722800,大阪府泉南市,泉南市,Sennan City,27
2722900,大阪府四條畷市,四條畷市,Shijonawate City,27
2723000,大阪府交野市,交野市,Katano City,27
2723100,大阪府大阪狭山市,大阪狭山市,Osakasayama City,27
2723200,大阪府阪南市,阪南市,Hannan City,27
2730100,大阪府島本町,島本町,Shimamoto Town,27
2732100,大阪府豊能町,豊能町,Toyono Town,27
2732200,大阪府能勢町,能勢町,Nose Town,27
2734100,大阪府忠岡町,忠岡町,Tadaoka Town,27
2736100,大阪府熊取町,熊取町,Kumatori Town,27
2736200,大阪府田尻町,田尻町,Tajiri Town,27
2736600,大阪府岬町,岬町,Misaki Town,27
2738100,大阪府太子町,太子町,Taishi Town,27
2738200,大阪府河南町,河南町,Kanan Town,27
2738300,大阪府千早赤阪村,千早赤阪村,Chihayaakasaka Village,27
2810000,兵庫県神戸市,神戸市,Kobe City,28
2820100,兵庫県姫路市,姫路市,Himeji City,28
2820200,兵庫県尼崎市,尼崎市,Amagasaki City,28
2820300,兵庫県明石市,明石市,Akashi City,28
2820400,兵庫県西宮市,西宮市,Nishinomiya City,28
2820500,兵庫県洲本市,洲本市,Sumoto City,28
2820600,兵庫県芦屋市,芦屋市,Ashiya City,28
2820700,兵庫県伊丹市,伊丹市,Itami City,28
2820800,兵庫県相生市,相生市,Aioi City,28
2820900,兵庫県豊岡市,豊岡市,Toyooka City,28
2821000,兵庫県加古川市,加古川市,Kakogawa City,28
2821200,兵庫県赤穂市,赤穂市,Ako City,28
2821300,兵庫県西脇市,西脇市,Nishiwaki City,28
2821400,兵庫県宝塚市,宝塚市,Takarazuka City,28
2821500,兵庫県三木市,三木市,Miki City,28
2821600,兵庫県高砂市,高砂市,Takasago City,28
2821700,兵庫県川西市,川西市,Kawanishi City,28
2821800,兵庫県小野市,小野市,Ono City,28
2821900,兵庫県三田市,三田市,Sanda City,28
2822000,兵庫県加西市,加西市,Kasai City,28
2822100,兵庫県篠山市,篠山市,Tanba-sasayama City,28
2822200,兵庫県養父市,養父市,Yabu City,28
2822300,兵庫県丹波市,丹波市,Tamba City,28
2822400,兵庫県南あわじ市,南あわじ市,Minamiawaji City,28
2822500,兵庫県朝来市,朝来市,Asago City,28
2822600,兵庫県淡路市,淡路市,Awaji City,28
2822700,兵庫県宍粟市,宍粟市,Shiso City,28
2822800,兵庫県加東市,加東市,Kato City,28
2822900,兵庫県たつの市,たつの市,Tatsuno City,28
2830100,兵庫県猪名川町,猪名川町,Inagawa Town,28
2836500,兵庫県多可町,多可町,Taka Town,28
2838100,兵庫県稲美町,稲美町,Inami Town,28
2838200,兵庫県播磨町,播磨町,Harima Town,28
2844200,兵庫県市川町,市川町,Ichikawa Town,28
2844300,兵庫県福崎町,福崎町,Fukusaki Town,28
2844600,兵庫県神河町,神河町,Kamikawa Town,28
2846400,兵庫県太子町,太子町,Taishi Town,28
2848100,兵庫県上郡町,上郡町,Kamigori Town,28
2850100,兵庫県佐用町,佐用町,Sayo Town,28
2858500,兵庫県香美町,香美町,Kami Town,28
2858600,兵庫県新温泉町,新温泉町,Shinonsen Town,28
2920100,奈良県奈良市,奈良市,Nara City,29
2920200,奈良県大和高田市,大和高田市,Yamatotakada City,29
2920300,奈良県大和郡山市,大和郡山市,Yamatokoriyama City,29
2920400,奈良県天理市,天理市,Tenri City,29
2920500,奈良県橿原市,橿原市,Kashihara City,29
2920600,奈良県桜井市,桜井市,Sakurai City,29
2920700,奈良県五條市,五條市,Gojo City,29
2920701,気象庁予報警報規程別表第四の二に示す「五條市北部」の区域,五條市北部,Northern Gojo City,29
2920702,気象庁予報警報規程別表第四の二に示す「五條市南部」の区域,五條市南部,Southern Gojo City,29
2920800,奈良県御所市,御所市,Gose City,29
2920900,奈良県生駒市,生駒市,Ikoma City,29
2921000,奈良県香芝市,香芝市,Kashiba City,29
2921100,奈良県葛城市,葛城市,Katsuragi City,29
2921200,奈良県宇陀市,宇陀市,Uda City,29
2932200,奈良県山添村,山添村,Yamazoe Village,29
2934200,奈良県平群町,平群町,Heguri Town,29
2934300,奈良県三郷町,三郷町,Sango Town,29
2934400,奈良県斑鳩町,斑鳩町,Ikaruga Town,29
2934500,奈良県安堵町,安堵町,Ando Town,29
2936100,奈良県川西町,川西町,Kawanishi Town,29
2936200,奈良県三宅町,三宅町,Miyake Town,29
2936300,奈良県田原本町,田原本町,Tawaramoto Town,29
2938500,奈良県曽爾村,曽爾村,Soni Village,29
2938600,奈良県御杖村,御杖村,Mitsue Village,29
2940100,奈良県高取町,高取町,Takatori Town,29
2940200,奈良県明日香村,明日香村,Asuka Village,29
2942400,奈良県上牧町,上牧町,Kammaki Town,29
2942500,奈良県王寺町,王寺町,Oji Town,29
2942600,奈良県広陵町,広陵町,Koryo Town,29
2942700,奈良県河合町,河合町,Kawai Town,29
2944100,奈良県吉野町,吉野町,Yoshino Town,29
2944200,奈良県大淀町,大淀町,Oyodo Town,29
2944300,奈良県下市町,下市町,Shimoichi Town,29
2944400,奈良県黒滝村,黒滝村,Kurotaki Village,29
2944600,奈良県天川村,天川村,Tenkawa Village,29
2944700,奈良県野迫川村,野迫川村,Nosegawa Village,29
2944900,奈良県十津川村,十津川村,Totsukawa Village,29
2945000,奈良県下北山村,下北山村,Shimokitayama Village,29
2945100,奈良県上北山村,上北山村,Kamikitayama Village,29
2945200,奈良県川上村,川上村,Kawakami Village,29
2945300,奈良県東吉野村,東吉野村,Higashiyoshino Village,29
3020100,和歌山県和歌山市,和歌山市,Wakayama City,30
3020200,和歌山県海南市,海南市,Kainan City,30
3020300,和歌山県橋本市,橋本市,Hashimoto City,30
3020400,和歌山県有田市,有田市,Arida City,30
3020500,和歌山県御坊市,御坊市,Gobo City,30
3020600,和歌山県田辺市,田辺市,Tanabe City,30
3020601,気象庁予報警報規程別表第四の二に示す「田辺市田辺」の区域,田辺市田辺,"Tanabe, Tanabe City",30
3020602,気象庁予報警報規程別表第四の二に示す「田辺市龍神」の区域,田辺市龍神,"Ryujin, Tanabe City",30
3020603,気象庁予報警報規程別表第四の二に示す「田辺市中辺路」の区域,田辺市中辺路,"Nakahechi, Tanabe City",30
3020604,気象庁予報警報規程別表第四の二に示す「田辺市大塔」の区域,田辺市大塔,"Oto, Tanabe City",30
3020605,気象庁予報警報規程別表第四の二に示す「田辺市本宮」の区域,田辺市本宮,"Hongu, Tanabe City",30
3020700,和歌山県新宮市,新宮市,Shingu City,30
3020800,和歌山県紀の川市,紀の川市,Kinokawa City,30
3020900,和歌山県岩出市,岩出市,Iwade City,30
3030400,和歌山県紀美野町,紀美野町,Kimino Town,30
3034100,和歌山県かつらぎ町,かつらぎ町,Katsuragi Town,30
3034300,和歌山県九度山町,九度山町,Kudoyama Town,30
3034400,和歌山県高野町,高野町,Koya Town,30
3036100,和歌山県湯浅町,湯浅町,Yuasa Town,30
3036200,和歌山県広川町,広川町,Hirogawa Town,30
3036600,和歌山県有田川町,有田川町,Aridagawa Town,30
3038100,和歌山県美浜町,美浜町,Mihama Town,30
3038200,和歌山県日高町,日高町,Hidaka Town,30
3038300,和歌山県由良町,由良町,Yura Town,30
3039000,和歌山県印南町,印南町,Inami Town,30
3039100,和歌山県みなべ町,みなべ町,Minabe Town,30
3039200,和歌山県日高川町,日高川町,Hidakagawa Town,30
3040100,和歌山県白浜町,白浜町,Shirahama Town,30
3040400,和歌山県上富田町,上富田町,Kamitonda Town,30
3040600,和歌山県すさみ町,すさみ町,Susami Town,30
3042100,和歌山県那智勝浦町,那智勝浦町,Nachikatsuura Town,30
3042200,和歌山県太地町,太地町,Taiji Town,30
3042400,和歌山県古座川町,古座川町,Kozagawa Town,30
3042700,和歌山県北山村,北山村,Kitayama Village,30
3042800,和歌山県串本町,串本町,Kushimoto Town,30
3120100,鳥取県鳥取市,鳥取市,Tottori City,31
3120101,気象庁予報警報規程別表第四の二に示す「鳥取市北部」の区域,鳥取市北部,Northern Tottori City,31
3120102,気象庁予報警報規程別表第四の二に示す「鳥取市南部」の区域,鳥取市南部,Southern Tottori City,31
3120200,鳥取県米子市,米子市,Yonago City,31
3120300,鳥取県倉吉市,倉吉市,Kurayoshi City,31
3120400,鳥取県境港市,境港市,Sakaiminato City,31
3130200,鳥取県岩美町,岩美町,Iwami Town,31
3132500,鳥取県若桜町,若桜町,Wakasa Town,31
3132800,鳥取県智頭町,智頭町,Chizu Town,31
3132900,鳥取県八頭町,八頭町,Yazu Town,31
3136400,鳥取県三朝町,三朝町,Misasa Town,31
3137000,鳥取県湯梨浜町,湯梨浜町,Yurihama Town,31
3137100,鳥取県琴浦町,琴浦町,Kotoura Town,31
3137200,鳥取県北栄町,北栄町,Hokuei Town,31
3138400,鳥取県日吉津村,日吉津村,Hiezu Village,31
3138600,鳥取県大山町,大山町,Daisen Town,31
3138900,鳥取県南部町,南部町,Nambu Town,31
3139000,鳥取県伯耆町,伯耆町,Hoki Town,31
3139011,鳥取県伯耆町のうち岩屋谷、遠藤、大殿、大原、押口、小野、金廻、上細見、岸本、清原、久古、口別所、小林、小町、坂長、須村、立岩、番原、福岡原、真野、丸山、吉定及び吉長,伯耆町岸本地域,"Kishimoto Area, Hoki Town",31
3139012,鳥取県伯耆町のうち伯耆町岸本地域の区域を除く区域,伯耆町溝口地域,"Mizokuchi Area, Hoki Town",31
3140100,鳥取県日南町,日南町,Nichinan Town,31
3140200,鳥取県日野町,日野町,Hino Town,31
3140300,鳥取県江府町,江府町,Kofu Town,31
3220100,島根県松江市,松江市,Matsue City,32
3220200,島根県浜田市,浜田市,Hamada City,32
3220300,島根県出雲市,出雲市,Izumo City,32
3220400,島根県益田市,益田市,Masuda City,32
3220500,島根県大田市,大田市,Ohda City,32
3220600,島根県安来市,安来市,Yasugi City,32
3220700,島根県江津市,江津市,Gotsu City,32
3220900,島根県雲南市,雲南市,Unnan City,32
3234300,島根県奥出雲町,奥出雲町,Okuizumo Town,32
3238600,島根県飯南町,飯南町,Iinan Town,32
3244100,島根県川本町,川本町,Kawamoto Town,32
3244800,島根県美郷町,美郷町,Misato Town,32
3244900,島根県邑南町,邑南町,Onan Town,32
3250100,島根県津和野町,津和野町,Tsuwano Town,32
3250500,島根県吉賀町,吉賀町,Yoshika Town,32
3252500,島根県海士町,海士町,Ama Town,32
3252600,島根県西ノ島町,西ノ島町,Nishinoshima Town,32
3252700,島根県知夫村,知夫村,Chibu Village,32
3252800,島根県隠岐の島町,隠岐の島町,Okinoshima Town,32
3310000,岡山県岡山市,岡山市,Okayama City,33
3320200,岡山県倉敷市,倉敷市,Kurashiki City,33
3320300,岡山県津山市,津山市,Tsuyama City,33
3320400,岡山県玉野市,玉野市,Tamano City,33
3320500,岡山県笠岡市,笠岡市,Kasaoka City,33
3320700,岡山県井原市,井原市,Ibara City,33
3320800,岡山県総社市,総社市,Soja City,33
3320900,岡山県高梁市,高梁市,Takahashi City,33
3321000,岡山県新見市,新見市,Niimi City,33
3321100,岡山県備前市,備前市,Bizen City,33
3321200,岡山県瀬戸内市,瀬戸内市,Setouchi City,33
3321300,岡山県赤磐市,赤磐市,Akaiwa City,33
3321400,岡山県真庭市,真庭市,Maniwa City,33
3321500,岡山県美作市,美作市,Mimasaka City,33
3321600,岡山県浅口市,浅口市,Asakuchi City,33
3334600,岡山県和気町,和気町,Wake Town,33
3342300,岡山県早島町,早島町,Hayashima Town,33
3344500,岡山県里庄町,里庄町,Satosho Town,33
3346100,岡山県矢掛町,矢掛町,Yakage Town,33
3358600,岡山県新庄村,新庄村,Shinjo Village,33
3360600,岡山県鏡野町,鏡野町,Kagamino Town,33
3362200,岡山県勝央町,勝央町,Shoo Town,33
3362300,岡山県奈義町,奈義町,Nagi Town,33
3364300,岡山県西粟倉村,西粟倉村,Nishiawakura Village,33
3366300,岡山県久米南町,久米南町,Kumenan Town,33
3366600,岡山県美咲町,美咲町,Misaki Town,33
3368100,岡山県吉備中央町,吉備中央町,Kibichuo Town,33
3410100,広島県広島市,広島市,Hiroshima City,34
3420200,広島県呉市,呉市,Kure City,34
3420300,広島県竹原市,竹原市,Takehara City,34
3420400,広島県三原市,三原市,Mihara City,34
3420500,広島県尾道市,尾道市,Onomichi City,34
3420700,広島県福山市,福山市,Fukuyama City,34
3420800,広島県府中市,府中市,Fuchu City,34
3420900,広島県三次市,三次市,Miyoshi City,34
3421000,広島県庄原市,庄原市,Shobara City,34
3421100,広島県大竹市,大竹市,Otake City,34
3421200,広島県東広島市,東広島市,Higashihiroshima City,34
3421300,広島県廿日市市,廿日市市,Hatsukaichi City,34
3421400,広島県安芸高田市,安芸高田市,Akitakata City,34
3421500,広島県江田島市,江田島市,Etajima City,34
3430200,広島県府中町,府中町,Fuchu Town,34
3430400,広島県海田町,海田町,Kaita Town,34
3430700,広島県熊野町,熊野町,Kumano Town,34
3430900,広島県坂町,坂町,Saka Town,34
3436800,広島県安芸太田町,安芸太田町,Akiota Town,34
3436900,広島県北広島町,北広島町,Kitahiroshima Town,34
3443100,広島県大崎上島町,大崎上島町,Osakikamijima Town,34
3446200,広島県世羅町,世羅町,Sera Town,34
3454500,広島県神石高原町,神石高原町,Jinsekikogen Town,34
3520100,山口県下関市,下関市,Shimonoseki City,35
3520200,山口県宇部市,宇部市,Ube City,35
3520300,山口県山口市,山口市,Yamaguchi City,35
3520400,山口県萩市,萩市,Hagi City,35
3520600,山口県防府市,防府市,Hofu City,35
3520700,山口県下松市,下松市,Kudamatsu City,35
3520800,山口県岩国市,岩国市,Iwakuni City,35
3521000,山口県光市,光市,Hikari City,35
3521100,山口県長門市,長門市,Nagato City,35
3521200,山口県柳井市,柳井市,Yanai City,35
3521300,山口県美祢市,美祢市,Mine City,35
3521500,山口県周南市,周南市,Shunan City,35
3521600,山口県山陽小野田市,山陽小野田市,Sanyo Onoda City,35
3530500,山口県周防大島町,周防大島町,Suo-oshima Town,35
3532100,山口県和木町,和木町,Waki Town,35
3534100,山口県上関町,上関町,Kaminoseki Town,35
3534300,山口県田布施町,田布施町,Tabuse Town,35
3534400,山口県平生町,平生町,Hirao Town,35
3550200,山口県阿武町,阿武町,Abu Town,35
3620100,徳島県徳島市,徳島市,Tokushima City,36
3620200,徳島県鳴門市,鳴門市,Naruto City,36
3620300,徳島県小松島市,小松島市,Komatsushima City,36
3620400,徳島県阿南市,阿南市,Anan City,36
3620500,徳島県吉野川市,吉野川市,Yoshinogawa City,36
3620511,徳島県吉野川市のうち鴨島町,吉野川市鴨島町,"Kamojimacho, Yoshinogawa City",36
3620512,徳島県吉野川市のうち川島町,吉野川市川島町,"Kawashimacho, Yoshinogawa City",36
3620513,徳島県吉野川市のうち山川町,吉野川市山川町,"Yamakawacho, Yoshinogawa City",36
3620514,徳島県吉野川市のうち美郷,吉野川市美郷,"Misato, Yoshinogawa City",36
3620600,徳島県阿波市,阿波市,Awa City,36
3620611,徳島県阿波市のうち吉野町,阿波市吉野町,"Yoshinocho, Awa City",36
3620612,徳島県阿波市のうち土成町,阿波市土成町,"Donaricho, Awa City",36
3620613,徳島県阿波市のうち市場町,阿波市市場町,"Ichibacho, Awa City",36
3620614,徳島県阿波市のうち阿波町,阿波市阿波町,"Awacho, Awa City",36
3620700,徳島県美馬市,美馬市,Mima City,36
3620701,気象庁予報警報規程別表第四の二に示す「美馬市脇・美馬・穴吹」の区域,美馬市脇・美馬・穴吹,"Waki/Mima/Anabuki, Mima City",36
3620702,気象庁予報警報規程別表第四の二に示す「美馬市木屋平」の区域,美馬市木屋平,"Koyadaira, Mima City",36
3620711,徳島県美馬市のうち脇町,美馬市脇町,"Wakimachi, Mima City",36
3620712,徳島県美馬市のうち美馬町,美馬市美馬町,"Mimacho, Mima City",36
3620713,徳島県美馬市のうち穴吹町,美馬市穴吹町,"Anabukicho, Mima City",36
3620800,徳島県三好市,三好市,Miyoshi City,36
3620811,徳島県三好市のうち三野町,三好市三野町,"Minocho, Miyoshi City",36
3620812,徳島県三好市のうち池田町,三好市池田町,"Ikedacho, Miyoshi City",36
3620813,徳島県三好市のうち山城町,三好市山城町,Yamashirocho Miyoshi City,36
3620814,徳島県三好市のうち井川町,三好市井川町,"Ikawacho, Miyoshi City",36
3620815,徳島県三好市のうち東祖谷,三好市東祖谷,"Higashiiya, Miyoshi City",36
3620816,徳島県三好市のうち西祖谷山村,三好市西祖谷山村,"Nishiiyayamamura, Miyoshi City",36
3630100,徳島県勝浦町,勝浦町,Katsuura Town,36
3630200,徳島県上勝町,上勝町,Kamikatsu Town,36
3632100,徳島県佐那河内村,佐那河内村,Sanagochi Village,36
3634100,徳島県石井町,石井町,Ishii Town,36
3634200,徳島県神山町,神山町,Kamiyama Town,36
3636800,徳島県那賀町,那賀町,Naka Town,36
3636811,徳島県那賀町のうち阿井、小仁宇、土佐、中山、仁宇、百合、百合谷、和食及び和食郷,那賀町鷲敷地域,"Wajiki Area, Naka Town",36
3636812,徳島県那賀町のうち鮎川、相名、朝生、井ノ谷、入野、請ノ谷、牛輪、内山、馬路、榎谷、大久保、雄、蔭谷、竹ヶ谷、谷内、西納、延野、鉢、花瀬、日浦、平野、朴野、簗ノ上、横石及び吉野,那賀町相生地域,"Aioi Area, Naka Town",36
3636813,徳島県那賀町のうち臼ケ谷、大戸、大殿、音谷、海川、川俣、御所谷、小計、小浜、桜谷、丈ケ谷、菖蒲、白石、長安、成瀬、拝宮、東尾、桧曽根、日真、平谷、深森、府殿、古屋及び水崎,那賀町上那賀地域,"Naka Area, Naka Town",36
3636814,徳島県那賀町のうち阿津江、出羽、岩倉、小畠、掛盤、川成、木頭、木頭名、小泉、坂州、沢谷、高野、寺内、当山及び横谷,那賀町木沢地域,"Kisawa Area, Naka Town",36
3636815,徳島県那賀町のうち木頭出原、木頭折宇、木頭北川、木頭助、木頭西宇、木頭南宇及び木頭和無田,那賀町木頭地域,"Kito Area, Naka Town",36
3638300,徳島県牟岐町,牟岐町,Mugi Town,36
3638700,徳島県美波町,美波町,Minami Town,36
3638711,徳島県美波町のうち伊座利、阿部、志和岐、東由岐、西の地、港町、西由岐、田井及び木岐,美波町由岐地域,"Yuki Area, Minami Town",36
3638712,徳島県美波町のうち赤松、恵比須浜、奥河内、北河内、西河内、日和佐浦及び山河内,美波町日和佐地域,"Hiwasa Area, Minami Town",36
3638800,徳島県海陽町,海陽町,Kaiyo Town,36
3638811,徳島県海陽町のうち相川、浅川、大里、小川、神野、四方原、熟田、多良、平井、吉野及び若松,海陽町海南地域,"Kainan Area, Kaiyo Town",36
3638812,徳島県海陽町のうち大井、奥浦、櫛川、芝、高園、富田、鞆浦、中山、野江及び吉田,海陽町海部地域,"Kaifu Area, Kaiyo Town",36
3638813,徳島県海陽町のうち尾崎、角坂、久尾、芥附、久保、小谷、塩深、宍喰浦、日比原、広岡及び船津,海陽町宍喰地域,"Shishikui Area, Kaiyo Town",36
3640100,徳島県松茂町,松茂町,Matsushige Town,36
3640200,徳島県北島町,北島町,Kitajima Town,36
3640300,徳島県藍住町,藍住町,Aizumi Town,36
3640400,徳島県板野町,板野町,Itano Town,36
3640500,徳島県上板町,上板町,Kamiita Town,36
3646800,徳島県つるぎ町,つるぎ町,Tsurugi Town,36
3646801,気象庁予報警報規程別表第四の二に示す「つるぎ町半田・貞光」の区域,つるぎ町半田・貞光,"Handa/Sadamitsu, Tsurugi Town",36
3646802,気象庁予報警報規程別表第四の二に示す「つるぎ町一宇」の区域,つるぎ町一宇,"Ichiu, Tsurugi Town",36
3646811,徳島県つるぎ町のうち半田,つるぎ町半田,"Handa, Tsurugi Town",36
3646812,徳島県つるぎ町のうち貞光,つるぎ町貞光,"Sadamitsu, Tsurugi Town",36
3648900,徳島県東みよし町,東みよし町,Higashimiyoshi Town,36
3648911,徳島県東みよし町のうち昼間、足代及び東山,東みよし町三好地域,"Miyoshi Area, Higashimiyoshi Town",36
3648912,徳島県東みよし町のうち加茂、毛田、中庄及び西庄,東みよし町三加茂地域,"Mikamo Area, Higashimiyoshi Town",36
3720100,香川県高松市,高松市,Takamatsu City,37
3720200,香川県丸亀市,丸亀市,Marugame City,37
3720300,香川県坂出市,坂出市,Sakaide City,37
3720400,香川県善通寺市,善通寺市,Zentsuji City,37
3720500,香川県観音寺市,観音寺市,Kanonji City,37
3720600,香川県さぬき市,さぬき市,Sanuki City,37
3720700,香川県東かがわ市,東かがわ市,Higashikagawa City,37
3720800,香川県三豊市,三豊市,Mitoyo City,37
3732200,香川県土庄町,土庄町,Tonosho Town,37
3732400,香川県小豆島町,小豆島町,Shodoshima Town,37
3734100,香川県三木町,三木町,Miki Town,37
3736400,香川県直島町,直島町,Naoshima Town,37
3738600,香川県宇多津町,宇多津町,Utazu Town,37
3738700,香川県綾川町,綾川町,Ayagawa Town,37
3740300,香川県琴平町,琴平町,Kotohira Town,37
3740400,香川県多度津町,多度津町,Tadotsu Town,37
3740600,香川県まんのう町,まんのう町,Manno Town,37
3820100,愛媛県松山市,松山市,Matsuyama City,38
3820200,愛媛県今治市,今治市,Imabari City,38
3820300,愛媛県宇和島市,宇和島市,Uwajima City,38
3820400,愛媛県八幡浜市,八幡浜市,Yawatahama City,38
3820500,愛媛県新居浜市,新居浜市,Niihama City,38
3820600,愛媛県西条市,西条市,Saijo City,38
3820700,愛媛県大洲市,大洲市,Ozu City,38
3821000,愛媛県伊予市,伊予市,Iyo City,38
3821300,愛媛県四国中央市,四国中央市,Shikokuchuo City,38
3821400,愛媛県西予市,西予市,Seiyo City,38
3821500,愛媛県東温市,東温市,Toon City,38
3835600,愛媛県上島町,上島町,Kamijima Town,38
3838600,愛媛県久万高原町,久万高原町,Kumakogen Town,38
3840100,愛媛県松前町,松前町,Masaki Town,38
3840200,愛媛県砥部町,砥部町,Tobe Town,38
3842200,愛媛県内子町,内子町,Uchiko Town,38
3844200,愛媛県伊方町,伊方町,Ikata Town,38
3848400,愛媛県松野町,松野町,Matsuno Town,38
3848800,愛媛県鬼北町,鬼北町,Kihoku Town,38
3850600,愛媛県愛南町,愛南町,Ainan Town,38
3920100,高知県高知市,高知市,Kochi City,39
3920200,高知県室戸市,室戸市,Muroto City,39
3920300,高知県安芸市,安芸市,Aki City,39
3920400,高知県南国市,南国市,Nankoku City,39
3920500,高知県土佐市,土佐市,Tosa City,39
3920600,高知県須崎市,須崎市,Susaki City,39
3920800,高知県宿毛市,宿毛市,Sukumo City,39
3920900,高知県土佐清水市,土佐清水市,Tosashimizu City,39
3921000,高知県四万十市,四万十市,Shimanto City,39
3921100,高知県香南市,香南市,Konan City,39
3921200,高知県香美市,香美市,Kami City,39
3930100,高知県東洋町,東洋町,Toyo Town,39
3930200,高知県奈半利町,奈半利町,Nahari Town,39
3930300,高知県田野町,田野町,Tano Town,39
3930400,高知県安田町,安田町,Yasuda Town,39
3930500,高知県北川村,北川村,Kitagawa Village,39
3930600,高知県馬路村,馬路村,Umaji Village,39
3930700,高知県芸西村,芸西村,Geisei Village,39
3934100,高知県本山町,本山町,Motoyama Town,39
3934400,高知県大豊町,大豊町,Otoyo Town,39
3936300,高知県土佐町,土佐町,Tosa Town,39
3936400,高知県大川村,大川村,Okawa Village,39
3938600,高知県いの町,いの町,Ino Town,39
3938700,高知県仁淀川町,仁淀川町,Niyodogawa Town,39
3940100,高知県中土佐町,中土佐町,Nakatosa Town,39
3940200,高知県佐川町,佐川町,Sakawa Town,39
3940300,高知県越知町,越知町,Ochi Town,39
3940500,高知県檮原町,檮原町,Yusuhara Town,39
3941000,高知県日高村,日高村,Hidaka Village,39
3941100,高知県津野町,津野町,Tsuno Town,39
3941200,高知県四万十町,四万十町,Shimanto Town,39
3942400,高知県大月町,大月町,Otsuki Town,39
3942700,高知県三原村,三原村,Mihara Village,39
3942800,高知県黒潮町,黒潮町,Kuroshio Town,39
4010000,福岡県北九州市,北九州市,Kitakyushu City,40
4013000,福岡県福岡市,福岡市,Fukuoka City,40
4020200,福岡県大牟田市,大牟田市,Omuta City,40
4020300,福岡県久留米市,久留米市,Kurume City,40
4020400,福岡県直方市,直方市,Nogata City,40
4020500,福岡県飯塚市,飯塚市,Iizuka City,40
4020600,福岡県田川市,田川市,Tagawa City,40
4020700,福岡県柳川市,柳川市,Yanagawa City,40
4021000,福岡県八女市,八女市,Yame City,40
4021100,福岡県筑後市,筑後市,Chikugo City,40
4021200,福岡県大川市,大川市,Okawa City,40
4021300,福岡県行橋市,行橋市,Yukuhashi City,40
4021400,福岡県豊前市,豊前市,Buzen City,40
4021500,福岡県中間市,中間市,Nakama City,40
4021600,福岡県小郡市,小郡市,Ogori City,40
4021700,福岡県筑紫野市,筑紫野市,Chikushino City,40
4021800,福岡県春日市,春日市,Kasuga City,40
4021900,福岡県大野城市,大野城市,Onojo City,40
4022000,福岡県宗像市,宗像市,Munakata City,40
4022100,福岡県太宰府市,太宰府市,Dazaifu City,40
4022300,福岡県古賀市,古賀市,Koga City,40
4022400,福岡県福津市,福津市,Fukutsu City,40
4022500,福岡県うきは市,うきは市,Ukiha City,40
4022600,福岡県宮若市,宮若市,Miyawaka City,40
4022700,福岡県嘉麻市,嘉麻市,Kama City,40
4022800,福岡県朝倉市,朝倉市,Asakura City,40
4022900,福岡県みやま市,みやま市,Miyama City,40
4023000,福岡県糸島市,糸島市,Itoshima City,40
4030500,福岡県那珂川町,那珂川町,Nakagawa City,40
4034100,福岡県宇美町,宇美町,Umi Town,40
4034200,福岡県篠栗町,篠栗町,Sasaguri Town,40
4034300,福岡県志免町,志免町,Shime Town,40
4034400,福岡県須恵町,須恵町,Sue Town,40
4034500,福岡県新宮町,新宮町,Shingu Town,40
4034800,福岡県久山町,久山町,Hisayama Town,40
4034900,福岡県粕屋町,粕屋町,Kasuya Town,40
4038100,福岡県芦屋町,芦屋町,Ashiya Town,40
4038200,福岡県水巻町,水巻町,Mizumaki Town,40
4038300,福岡県岡垣町,岡垣町,Okagaki Town,40
4038400,福岡県遠賀町,遠賀町,Onga Town,40
4040100,福岡県小竹町,小竹町,Kotake Town,40
4040200,福岡県鞍手町,鞍手町,Kurate Town,40
4042100,福岡県桂川町,桂川町,Keisen Town,40
4044700,福岡県筑前町,筑前町,Chikuzen Town,40
4044800,福岡県東峰村,東峰村,Toho Village,40
4050300,福岡県大刀洗町,大刀洗町,Tachiarai Town,40
4052200,福岡県大木町,大木町,Oki Town,40
4054400,福岡県広川町,広川町,Hirokawa Town,40
4060100,福岡県香春町,香春町,Kawara Town,40
4060200,福岡県添田町,添田町,Soeda Town,40
4060400,福岡県糸田町,糸田町,Itoda Town,40
4060500,福岡県川崎町,川崎町,Kawasaki Town,40
4060800,福岡県大任町,大任町,Oto Town,40
4060900,福岡県赤村,赤村,Aka Village,40
4061000,福岡県福智町,福智町,Fukuchi Town,40
4062100,福岡県苅田町,苅田町,Kanda Town,40
4062500,福岡県みやこ町,みやこ町,Miyako Town,40
4064200,福岡県吉富町,吉富町,Yoshitomi Town,40
4064600,福岡県上毛町,上毛町,Koge Town,40
4064700,福岡県築上町,築上町,Chikujo Town,40
4120100,佐賀県佐賀市,佐賀市,Saga City,41
4120200,佐賀県唐津市,唐津市,Karatsu City,41
4120300,佐賀県鳥栖市,鳥栖市,Tosu City,41
4120400,佐賀県多久市,多久市,Taku City,41
4120500,佐賀県伊万里市,伊万里市,Imari City,41
4120600,佐賀県武雄市,武雄市,Takeo City,41
4120700,佐賀県鹿島市,鹿島市,Kashima City,41
4120800,佐賀県小城市,小城市,Ogi City,41
4120900,佐賀県嬉野市,嬉野市,Ureshino City,41
4121000,佐賀県神埼市,神埼市,Kanzaki City,41
4132700,佐賀県吉野ヶ里町,吉野ヶ里町,Yoshinogari Town,41
4134100,佐賀県基山町,基山町,Kiyama Town,41
4134500,佐賀県上峰町,上峰町,Kamimine Town,41
4134600,佐賀県みやき町,みやき町,Miyaki Town,41
4138700,佐賀県玄海町,玄海町,Genkai Town,41
4140100,佐賀県有田町,有田町,Arita Town,41
4142300,佐賀県大町町,大町町,Omachi Town,41
4142400,佐賀県江北町,江北町,Kohoku Town,41
4142500,佐賀県白石町,白石町,Shiroishi Town,41
4144100,佐賀県太良町,太良町,Tara Town,41
4220100,長崎県長崎市,長崎市,Nagasaki City,42
4220200,長崎県佐世保市,佐世保市,Sasebo City,42
4220201,気象庁予報警報規程別表第四の二に示す「佐世保市（宇久地域を除く）」の区域,佐世保市（宇久地域を除く）,Sasebo City (excluding Uku Area),42
4220202,気象庁予報警報規程別表第四の二に示す「佐世保市（宇久地域）」の区域,佐世保市（宇久地域）,Sasebo City (Uku Area),42
4220300,長崎県島原市,島原市,Shimabara City,42
4220400,長崎県諫早市,諫早市,Isahaya City,42
4220500,長崎県大村市,大村市,Omura City,42
4220700,長崎県平戸市,平戸市,Hirado City,42
4220800,長崎県松浦市,松浦市,Matsuura City,42
4220900,長崎県対馬市,対馬市,Tsushima City,42
4220901,気象庁予報警報規程別表第四の二に示す「下対馬」の区域,下対馬,Shimotsushima ,42
4220902,気象庁予報警報規程別表第四の二に示す「上対馬」の区域,上対馬,Kamitsushima,42
4221000,長崎県壱岐市,壱岐市,Iki City,42
4221100,長崎県五島市,五島市,Goto City,42
4221200,長崎県西海市,西海市,Saikai City,42
4221201,気象庁予報警報規程別表第四の二に示す「西海市（江島・平島を除く）」の区域,西海市（江島・平島を除く）,Saikai City (Excluding Enoshima and Tairashima）,42
4221202,気象庁予報警報規程別表第四の二に示す「西海市（江島・平島）」の区域,西海市（江島・平島）,Saikai City (Enoshima and Tairashima)),42
4221300,長崎県雲仙市,雲仙市,Unzen City,42
4221400,長崎県南島原市,南島原市,Minamishimabara City,42
4230700,長崎県長与町,長与町,Nagayo Town,42
4230800,長崎県時津町,時津町,Togitsu Town,42
4232100,長崎県東彼杵町,東彼杵町,Higashisonogi Town,42
4232200,長崎県川棚町,川棚町,Kawatana Town,42
4232300,長崎県波佐見町,波佐見町,Hasami Town,42
4238300,長崎県小値賀町,小値賀町,Ojika Town,42
4239100,長崎県佐々町,佐々町,Saza Town,42
4241100,長崎県新上五島町,新上五島町,Shinkamigoto Town,42
4310000,熊本県熊本市,熊本市,Kumamoto City,43
4320200,熊本県八代市,八代市,Yatsushiro City,43
4320211,熊本県八代市のうち八代市東部の区域を除く区域,八代市西部,Western Yatsushiro City,43
4320212,熊本県八代市のうち坂本支所、東陽支所及び泉支所管内,八代市東部,Eastern Yatsushiro City,43
4320300,熊本県人吉市,人吉市,Hitoyoshi City,43
4320400,熊本県荒尾市,荒尾市,Arao City,43
4320500,熊本県水俣市,水俣市,Minamata City,43
4320600,熊本県玉名市,玉名市,Tamana City,43
4320800,熊本県山鹿市,山鹿市,Yamaga City,43
4321000,熊本県菊池市,菊池市,Kikuchi City,43
4321100,熊本県宇土市,宇土市,Uto City,43
4321200,熊本県上天草市,上天草市,Kamiamakusa City,43
4321300,熊本県宇城市,宇城市,Uki City,43
4321400,熊本県阿蘇市,阿蘇市,Aso City,43
4321500,熊本県天草市,天草市,Amakusa City,43
4321511,熊本県天草市のうち天草市西部の区域を除く区域,天草市東部,Eastern Amakusa City,43
4321512,熊本県天草市のうち牛深支所、天草支所及び河浦支所管内,天草市西部,Western Amakusa City,43
4321600,熊本県合志市,合志市,Koshi City,43
4334800,熊本県美里町,美里町,Misato Town,43
4336400,熊本県玉東町,玉東町,Gyokuto Town,43
4336700,熊本県南関町,南関町,Nankan Town,43
4336800,熊本県長洲町,長洲町,Nagasu Town,43
4336900,熊本県和水町,和水町,Nagomi Town,43
4340300,熊本県大津町,大津町,Ozu Town,43
4340400,熊本県菊陽町,菊陽町,Kikuyo Town,43
4342300,熊本県南小国町,南小国町,Minamioguni Town,43
4342400,熊本県小国町,小国町,Oguni Town,43
4342500,熊本県産山村,産山村,Ubuyama Village,43
4342800,熊本県高森町,高森町,Takamori Town,43
4343200,熊本県西原村,西原村,Nishihara Village,43
4343300,熊本県南阿蘇村,南阿蘇村,Minamiaso Village,43
4344100,熊本県御船町,御船町,Mifune Town,43
4344200,熊本県嘉島町,嘉島町,Kashima Town,43
4344300,熊本県益城町,益城町,Mashiki Town,43
4344400,熊本県甲佐町,甲佐町,Kosa Town,43
4344700,熊本県山都町,山都町,Yamato Town,43
4344711,熊本県山都町のうち蘇陽総合支所管内,山都町東部,Eastern Yamato Town,43
4344712,熊本県山都町のうち山都町東部の区域を除く区域,山都町西部,Western Yamato Town,43
4346800,熊本県氷川町,氷川町,Hikawa Town,43
4348200,熊本県芦北町,芦北町,Ashikita Town,43
4348400,熊本県津奈木町,津奈木町,Tsunagi Town,43
4350100,熊本県錦町,錦町,Nishiki Town,43
4350500,熊本県多良木町,多良木町,Taragi Town,43
4350600,熊本県湯前町,湯前町,Yunomae Town,43
4350700,熊本県水上村,水上村,Mizukami Village,43
4351000,熊本県相良村,相良村,Sagara Village,43
4351100,熊本県五木村,五木村,Itsuki Village,43
4351200,熊本県山江村,山江村,Yamae Village,43
4351300,熊本県球磨村,球磨村,Kuma Village,43
4351400,熊本県あさぎり町,あさぎり町,Asagiri Town,43
4353100,熊本県苓北町,苓北町,Reihoku Town,43
4420100,大分県大分市,大分市,Oita City,44
4420200,大分県別府市,別府市,Beppu City,44
4420300,大分県中津市,中津市,Nakatsu City,44
4420400,大分県日田市,日田市,Hita City,44
4420500,大分県佐伯市,佐伯市,Saiki City,44
4420600,大分県臼杵市,臼杵市,Usuki City,44
4420700,大分県津久見市,津久見市,Tsukumi City,44
4420800,大分県竹田市,竹田市,Taketa City,44
4420900,大分県豊後高田市,豊後高田市,Bungotakada City,44
4421000,大分県杵築市,杵築市,Kitsuki City,44
4421100,大分県宇佐市,宇佐市,Usa City,44
4421200,大分県豊後大野市,豊後大野市,Bungo Ohno City,44
4421300,大分県由布市,由布市,Yufu City,44
4421400,大分県国東市,国東市,Kunisaki City,44
4432200,大分県姫島村,姫島村,Himeshima Village,44
4434100,大分県日出町,日出町,Hiji Town,44
4446100,大分県九重町,九重町,Kokonoe Town,44
4446200,大分県玖珠町,玖珠町,Kusu Town,44
4520100,宮崎県宮崎市,宮崎市,Miyazaki City,45
4520200,宮崎県都城市,都城市,Miyakonojo City,45
4520300,宮崎県延岡市,延岡市,Nobeoka City,45
4520400,宮崎県日南市,日南市,Nichinan City,45
4520500,宮崎県小林市,小林市,Kobayashi City,45
4520600,宮崎県日向市,日向市,Hyuga City,45
4520700,宮崎県串間市,串間市,Kushima City,45
4520800,宮崎県西都市,西都市,Saito City,45
4520900,宮崎県えびの市,えびの市,Ebino City,45
4534100,宮崎県三股町,三股町,Mimata Town,45
4536100,宮崎県高原町,高原町,Takaharu Town,45
4538200,宮崎県国富町,国富町,Kunitomi Town,45
4538300,宮崎県綾町,綾町,Aya Town,45
4540100,宮崎県高鍋町,高鍋町,Takanabe Town,45
4540200,宮崎県新富町,新富町,Shintomi Town,45
4540300,宮崎県西米良村,西米良村,Nishimera Village,45
4540400,宮崎県木城町,木城町,Kijo Town,45
4540500,宮崎県川南町,川南町,Kawaminami Town,45
4540600,宮崎県都農町,都農町,Tsuno Town,45
4542100,宮崎県門川町,門川町,Kadogawa Town,45
4542900,宮崎県諸塚村,諸塚村,Morotsuka Village,45
4543000,宮崎県椎葉村,椎葉村,Shiiba Village,45
4543100,宮崎県美郷町,美郷町,Misato Town,45
4544100,宮崎県高千穂町,高千穂町,Takachiho Town,45
4544200,宮崎県日之影町,日之影町,Hinokage Town,45
4544300,宮崎県五ヶ瀬町,五ヶ瀬町,Gokase Town,45
4620100,鹿児島県鹿児島市,鹿児島市,Kagoshima City,46
4620300,鹿児島県鹿屋市,鹿屋市,Kanoya City,46
4620400,鹿児島県枕崎市,枕崎市,Makurazaki City,46
4620600,鹿児島県阿久根市,阿久根市,Akune City,46
4620800,鹿児島県出水市,出水市,Izumi City,46
4621000,鹿児島県指宿市,指宿市,Ibusuki City,46
4621300,鹿児島県西之表市,西之表市,Nishinoomote City,46
4621400,鹿児島県垂水市,垂水市,Tarumizu City,46
4621500,鹿児島県薩摩川内市,薩摩川内市,Satsumasendai City,46
4621501,気象庁予報警報規程別表第四の二に示す「薩摩川内市」の区域,薩摩川内市,Satsumasendai City,46
4621502,気象庁予報警報規程別表第四の二に示す「薩摩川内市甑島」の区域,薩摩川内市甑島,"Koshikishima, Satsumasendai City ",46
4621600,鹿児島県日置市,日置市,Hioki City,46
4621700,鹿児島県曽於市,曽於市,Soo City,46
4621800,鹿児島県霧島市,霧島市,Kirishima City,46
4621900,鹿児島県いちき串木野市,いちき串木野市,Ichikikushikino City,46
4622000,鹿児島県南さつま市,南さつま市,Minamisatsuma City,46
4622100,鹿児島県志布志市,志布志市,Shibushi City,46
4622200,鹿児島県奄美市,奄美市,Amami City,47
4622300,鹿児島県南九州市,南九州市,Minamikyushu City,46
4622400,鹿児島県伊佐市,伊佐市,Isa City,46
4622500,鹿児島県姶良市,姶良市,Aira City,46
4630300,鹿児島県三島村,三島村,Mishima Village,46
4630400,鹿児島県十島村,十島村,Toshima Village,47
4639200,鹿児島県さつま町,さつま町,Satsuma Town,46
4640400,鹿児島県長島町,長島町,Nagashima Town,46
4645200,鹿児島県湧水町,湧水町,Yusui Town,46
4646800,鹿児島県大崎町,大崎町,Osaki Town,46
4648200,鹿児島県東串良町,東串良町,Higashikushira Town,46
4649000,鹿児島県錦江町,錦江町,Kinko Town,46
4649100,鹿児島県南大隅町,南大隅町,Minamiosumi Town,46
4649200,鹿児島県肝付町,肝付町,Kimotsuki Town,46
4650100,鹿児島県中種子町,中種子町,Nakatane Town,46
4650200,鹿児島県南種子町,南種子町,Minamitane Town,46
4650500,鹿児島県屋久島町,屋久島町,Yakushima Town,46
4652300,鹿児島県大和村,大和村,Yamato Village,47
4652400,鹿児島県宇検村,宇検村,Uken Village,47
4652500,鹿児島県瀬戸内町,瀬戸内町,Setouchi Town,47
4652700,鹿児島県龍郷町,龍郷町,Tatsugo Town,47
4652900,鹿児島県喜界町,喜界町,Kikai Town,47
4653000,鹿児島県徳之島町,徳之島町,Tokunoshima Town,47
4653100,鹿児島県天城町,天城町,Amagi Town,47
4653200,鹿児島県伊仙町,伊仙町,Isen Town,47
4653300,鹿児島県和泊町,和泊町,Wadomari Town,47
4653400,鹿児島県知名町,知名町,China Town,47
4653500,鹿児島県与論町,与論町,Yoron Town,47
4720100,沖縄県那覇市,那覇市,Naha City,48
4720500,沖縄県宜野湾市,宜野湾市,Ginowan City,48
4720700,沖縄県石垣市,石垣市,Ishigaki City,51
4720800,沖縄県浦添市,浦添市,Urasoe City,48
4720900,沖縄県名護市,名護市,Nago City,48
4721000,沖縄県糸満市,糸満市,Itoman City,48
4721100,沖縄県沖縄市,沖縄市,Okinawa City,48
4721200,沖縄県豊見城市,豊見城市,Tomigusuku City,48
4721300,沖縄県うるま市,うるま市,Uruma City,48
4721400,沖縄県宮古島市,宮古島市,Miyakojima City,50
4721500,沖縄県南城市,南城市,Nanjo City,48
4730100,沖縄県国頭村,国頭村,Kunigami Village,48
4730200,沖縄県大宜味村,大宜味村,Ogimi Village,48
4730300,沖縄県東村,東村,Higashi Village,48
4730600,沖縄県今帰仁村,今帰仁村,Nakijin Village,48
4730800,沖縄県本部町,本部町,Motobu Town,48
4731100,沖縄県恩納村,恩納村,Onna Village,48
4731300,沖縄県宜野座村,宜野座村,Ginoza Village,48
4731400,沖縄県金武町,金武町,Kin Town,48
4731500,沖縄県伊江村,伊江村,Ie Village,48
4732400,沖縄県読谷村,読谷村,Yomitan Village,48
4732500,沖縄県嘉手納町,嘉手納町,Kadena Town,48
4732600,沖縄県北谷町,北谷町,Chatan Town,48
4732700,沖縄県北中城村,北中城村,Kitanakagusuku Village,48
4732800,沖縄県中城村,中城村,Nakagusuku Village,48
4732900,沖縄県西原町,西原町,Nishihara Town,48
4734800,沖縄県与那原町,与那原町,Yonabaru Town,48
4735000,沖縄県南風原町,南風原町,Haebaru Town,48
4735300,沖縄県渡嘉敷村,渡嘉敷村,Tokashiki Village,48
4735400,沖縄県座間味村,座間味村,Zamami Village,48
4735500,沖縄県粟国村,粟国村,Aguni Village,48
4735600,沖縄県渡名喜村,渡名喜村,Tonaki Village,48
4735700,沖縄県南大東村,南大東村,Minamidaito Village,49
4735800,沖縄県北大東村,北大東村,Kitadaito Village,49
4735900,沖縄県伊平屋村,伊平屋村,Iheya Village,48
4736000,沖縄県伊是名村,伊是名村,Izena Village,48
4736100,沖縄県久米島町,久米島町,Kumejima Town,48
4736200,沖縄県八重瀬町,八重瀬町,Yaese Town,48
4737500,沖縄県多良間村,多良間村,Tarama Village,50
4738100,沖縄県竹富町,竹富町,Taketomi Town,51
4738200,沖縄県与那国町,与那国町,Yonaguni Town,51